,Rk,Player,Pos,Age,Tm,G,MP,PER,TS%,3PAr,FTr,ORB%,DRB%,TRB%,AST%,STL%,BLK%,TOV%,USG%,OWS,DWS,WS,WS/48,OBPM,DBPM,BPM,VORP,Year
0,1,Precious Achiuwa,PF-C,24,TOT,63,1432,14.9,.547,.215,.234,12.8,19.7,16.2,8.9,1.5,3.9,13.4,16.1,1.1,2.0,3.2,.106,-1.5,0.5,-1.0,0.4,2024
1,1,Precious Achiuwa,C,24,TOR,25,437,14.9,.512,.276,.247,12.3,22.0,17.1,14.3,1.8,2.4,13.3,21.2,0.0,0.5,0.5,.052,-1.5,-0.1,-1.6,0.0,2024
2,1,Precious Achiuwa,PF,24,NYK,38,995,14.8,.570,.174,.225,13.0,18.6,15.8,6.5,1.3,4.5,13.4,13.9,1.1,1.6,2.7,.129,-1.6,0.8,-0.8,0.3,2024
3,2,Bam Adebayo,C,26,MIA,60,2060,19.9,.572,.025,.397,7.5,27.9,17.6,18.8,1.6,2.8,11.8,25.3,2.3,3.6,6.0,.139,0.7,1.6,2.3,2.2,2024
4,3,Ochai Agbaji,SG,23,TOT,70,1421,7.9,.504,.516,.109,4.8,9.7,7.3,6.5,1.4,2.3,11.8,13.5,-0.4,0.6,0.3,.009,-3.3,-0.9,-4.2,-0.8,2024
5,3,Ochai Agbaji,SG,23,UTA,51,1003,8.1,.531,.570,.080,3.9,9.9,6.9,6.1,1.3,2.6,11.7,12.1,0.1,0.4,0.4,.021,-2.6,-0.5,-3.0,-0.3,2024
6,3,Ochai Agbaji,SG,23,TOR,19,418,7.5,.456,.415,.163,6.9,9.4,8.1,7.6,1.6,1.7,12.1,16.8,-0.4,0.2,-0.2,-0.021,-5.1,-1.8,-6.9,-0.5,2024
7,4,Santi Aldama,PF,23,MEM,58,1536,13.2,.540,.528,.157,4.8,19.8,12.0,13.6,1.3,2.8,10.3,18.6,0.3,2.0,2.2,.069,-0.6,0.5,-0.1,0.7,2024
8,5,Nickeil Alexander-Walker,SG,25,MIN,71,1678,10.5,.570,.622,.122,2.3,7.4,5.0,14.6,1.6,2.0,12.2,14.2,1.1,2.6,3.7,.106,-1.4,1.5,0.2,0.9,2024
9,6,Grayson Allen,SG,28,PHO,65,2189,13.9,.698,.659,.218,2.1,10.0,6.3,12.3,1.3,1.7,11.7,14.1,4.4,1.7,6.1,.135,1.3,0.1,1.3,1.8,2024
10,7,Jarrett Allen,C,25,CLE,66,2088,21.5,.659,.007,.408,11.6,25.9,18.8,12.9,1.1,3.2,11.7,19.4,5.6,3.6,9.2,.212,1.8,1.2,3.0,2.7,2024
11,8,Jose Alvarado,PG,25,NOP,50,892,12.4,.531,.570,.166,2.7,11.1,7.0,15.5,3.0,1.7,10.5,17.6,0.4,1.4,1.8,.095,-1.7,1.7,0.0,0.4,2024
12,9,Kyle Anderson,PF,30,MIN,68,1554,12.8,.521,.108,.325,4.4,13.3,9.0,25.0,1.8,2.1,15.8,14.3,1.3,2.7,4.1,.126,-1.4,2.6,1.2,1.3,2024
13,10,Giannis Antetokounmpo,PF,29,MIL,66,2308,30.0,.655,.094,.591,8.4,26.6,17.7,31.6,1.6,2.4,12.7,33.0,8.9,3.2,12.1,.251,6.8,2.2,9.0,6.4,2024
14,11,Thanasis Antetokounmpo,PF,31,MIL,29,136,4.2,.484,.038,.077,5.0,4.7,4.8,12.7,1.8,2.5,30.9,12.3,-0.2,0.1,-0.1,-0.026,-7.5,0.0,-7.6,-0.2,2024
15,12,Cole Anthony,PG,23,ORL,70,1608,14.5,.544,.353,.312,4.4,16.2,10.2,19.8,1.7,1.9,12.9,23.5,0.9,2.4,3.3,.098,-0.9,0.7,-0.1,0.8,2024
16,13,OG Anunoby,SF,26,TOT,44,1498,13.1,.600,.472,.169,3.1,11.0,7.0,9.4,1.9,1.9,11.4,17.6,1.1,1.4,2.5,.080,-0.9,0.6,-0.3,0.6,2024
17,13,OG Anunoby,SF,26,TOR,27,900,12.5,.598,.508,.143,2.9,10.2,6.5,11.3,1.5,1.3,11.2,18.2,0.6,0.5,1.0,.056,-0.9,-0.6,-1.5,0.1,2024
18,13,OG Anunoby,SF,26,NYK,17,598,13.9,.604,.412,.214,3.3,12.3,7.8,6.5,2.4,2.8,11.7,16.7,0.5,0.9,1.4,.116,-0.8,2.4,1.6,0.5,2024
19,14,Ryan Arcidiacono,PG,29,NYK,20,45,-1.9,.000,1.000,.000,0.0,19.8,9.9,10.5,2.2,0.0,25.0,7.7,-0.1,0.1,-0.1,-0.086,-11.7,2.0,-9.7,-0.1,2024
20,15,Deni Avdija,SF,23,WAS,65,1898,14.9,.597,.287,.318,4.2,22.0,12.8,17.8,1.3,1.2,14.6,20.0,1.4,1.2,2.6,.066,-0.7,-0.3,-0.9,0.5,2024
21,16,Deandre Ayton,C,25,POR,47,1518,18.5,.597,.005,.117,10.7,29.2,19.4,8.5,1.5,2.3,12.2,19.9,1.6,1.8,3.4,.108,0.2,-0.3,0.0,0.8,2024
22,17,Udoka Azubuike,C,24,PHO,14,107,13.6,.652,.000,.500,12.3,20.9,16.9,3.8,0.5,5.0,13.0,12.4,0.1,0.1,0.3,.121,-2.4,0.0,-2.4,0.0,2024
23,18,Ibou Badji,C,21,POR,19,205,8.3,.620,.000,.526,9.9,17.0,13.3,8.4,0.5,8.8,37.4,7.8,0.0,0.2,0.2,.047,-7.6,2.2,-5.4,-0.2,2024
24,19,Marvin Bagley III,C,24,TOT,45,948,19.0,.617,.052,.327,13.7,18.6,16.1,8.7,0.8,2.6,11.4,21.1,1.7,0.5,2.3,.114,0.6,-1.6,-1.0,0.2,2024
25,19,Marvin Bagley III,C,24,DET,26,478,18.1,.638,.033,.337,10.6,17.1,13.8,8.9,0.5,2.5,12.2,21.0,0.9,0.2,1.1,.110,0.4,-1.6,-1.2,0.1,2024
26,19,Marvin Bagley III,C,24,WAS,19,470,20.0,.597,.070,.317,16.9,20.2,18.5,8.5,1.2,2.8,10.6,21.2,0.9,0.3,1.2,.119,0.8,-1.6,-0.7,0.1,2024
27,20,Amari Bailey,PG,19,CHO,6,26,4.2,.322,.500,.200,8.3,0.0,4.3,10.7,1.9,0.0,8.4,20.0,-0.1,0.0,-0.1,-0.140,-6.5,-3.3,-9.8,-0.1,2024
28,21,Patrick Baldwin Jr.,SF,21,WAS,28,276,9.4,.483,.600,.211,4.5,24.4,14.2,8.4,1.4,2.9,10.9,16.8,-0.2,0.2,0.0,.005,-3.9,-0.7,-4.6,-0.2,2024
29,22,LaMelo Ball,PG,22,CHO,22,711,20.8,.561,.466,.246,4.4,13.7,8.9,43.0,2.8,0.5,15.0,34.0,0.6,0.6,1.1,.076,3.6,-0.4,3.2,0.9,2024
30,23,Mo Bamba,C,25,PHI,49,637,14.6,.567,.323,.234,10.9,23.4,17.0,8.1,1.6,7.2,16.7,15.0,0.3,1.1,1.4,.109,-2.7,1.4,-1.3,0.1,2024
31,24,Paolo Banchero,PF,21,ORL,69,2403,17.7,.554,.240,.396,3.5,19.4,11.4,25.3,1.4,1.5,13.1,29.4,1.4,3.5,4.9,.098,1.5,0.1,1.7,2.2,2024
32,25,Desmond Bane,SG,25,MEM,40,1371,18.4,.588,.463,.207,2.7,11.8,7.1,28.6,1.5,1.5,11.4,28.9,1.5,1.4,2.9,.100,3.1,-0.1,3.0,1.7,2024
33,26,Dalano Banton,PG,24,TOT,44,693,12.5,.509,.372,.266,5.4,14.2,9.6,16.1,1.4,1.7,12.3,23.7,-0.1,0.6,0.5,.032,-1.5,-1.0,-2.5,-0.1,2024
34,26,Dalano Banton,PG,24,BOS,24,171,9.8,.468,.314,.392,7.9,13.9,11.0,14.0,1.4,1.5,14.3,17.7,0.0,0.2,0.2,.065,-4.7,0.6,-4.1,-0.1,2024
35,26,Dalano Banton,PG,24,POR,20,522,13.4,.517,.384,.240,4.5,14.3,9.1,16.7,1.4,1.7,11.8,25.6,-0.1,0.4,0.2,.022,-0.4,-1.5,-1.9,0.0,2024
36,27,Dominick Barlow,PF,20,SAS,31,399,15.6,.556,.081,.378,11.8,17.6,14.7,12.4,1.4,2.9,5.1,14.4,0.8,0.4,1.1,.135,-1.1,0.0,-1.1,0.1,2024
37,28,Harrison Barnes,PF,31,SAC,70,2051,11.9,.625,.535,.261,2.9,8.3,5.6,5.1,1.1,0.5,6.6,15.4,2.8,1.2,4.0,.095,-0.6,-1.3,-1.9,0.1,2024
38,29,Scottie Barnes,SG,22,TOR,60,2094,19.4,.566,.314,.266,7.2,18.9,12.9,26.0,1.7,3.7,13.6,24.8,2.3,2.2,4.5,.103,2.8,0.9,3.7,3.0,2024
39,30,RJ Barrett,SG,23,TOT,53,1675,15.8,.576,.296,.322,3.0,15.6,9.2,16.0,0.8,1.1,10.6,25.8,1.4,1.3,2.7,.078,0.5,-1.4,-0.9,0.5,2024
40,30,RJ Barrett,SG,23,NYK,26,766,14.3,.536,.335,.320,2.7,13.4,8.1,12.9,0.8,1.1,9.6,27.5,0.4,0.8,1.2,.072,-0.4,-1.6,-2.0,0.0,2024
41,30,RJ Barrett,SG,23,TOR,27,909,17.1,.615,.258,.325,3.2,17.4,10.1,18.6,0.9,1.1,11.6,24.3,1.0,0.5,1.6,.082,1.2,-1.2,0.0,0.5,2024
42,31,Charles Bassey,C,23,SAS,19,205,17.7,.739,.025,.150,12.0,28.4,20.1,14.1,1.9,6.9,26.0,11.8,0.3,0.3,0.6,.151,-1.9,3.0,1.2,0.2,2024
43,32,Emoni Bates,SF,20,CLE,12,98,6.2,.439,.757,.108,1.2,11.2,6.3,9.7,0.5,1.8,4.9,18.3,-0.1,0.1,0.0,-0.005,-3.0,-1.9,-4.9,-0.1,2024
44,33,Keita Bates-Diop,SF,28,TOT,53,665,11.4,.534,.416,.253,5.6,12.7,9.3,7.4,1.8,2.9,7.5,13.0,0.5,0.7,1.2,.089,-1.4,0.4,-1.1,0.2,2024
45,33,Keita Bates-Diop,SF,28,PHO,39,597,11.2,.525,.427,.240,6.0,12.7,9.5,7.3,1.8,3.0,7.3,12.9,0.4,0.7,1.1,.086,-1.5,0.3,-1.2,0.1,2024
46,33,Keita Bates-Diop,SF,28,BRK,14,68,13.3,.617,.313,.375,1.6,13.3,7.2,8.1,2.2,2.7,9.7,13.1,0.1,0.1,0.2,.110,-1.2,1.5,0.2,0.0,2024
47,34,Nicolas Batum,PF,35,TOT,49,1213,10.3,.605,.709,.106,5.3,13.0,9.1,10.7,1.5,2.6,13.3,8.5,1.3,1.3,2.6,.103,-1.4,0.9,-0.5,0.5,2024
48,34,Nicolas Batum,PF,35,LAC,3,54,9.8,.500,.875,.000,0.0,14.2,7.4,11.2,2.7,6.6,11.1,7.3,0.0,0.1,0.1,.090,-1.6,4.3,2.7,0.1,2024
49,34,Nicolas Batum,PF,35,PHI,46,1159,10.4,.609,.702,.110,5.5,13.0,9.2,10.7,1.5,2.4,13.4,8.6,1.3,1.2,2.5,.103,-1.4,0.7,-0.6,0.4,2024
50,35,Darius Bazley,PF,23,PHI,3,10,-1.6,.000,.000,.000,0.0,11.3,5.5,23.2,0.0,0.0,50.0,8.6,0.0,0.0,0.0,-0.146,-7.8,-0.7,-8.5,0.0,2024
51,36,Bradley Beal,SG,30,PHO,42,1387,15.5,.592,.310,.201,3.2,10.4,7.0,23.0,1.4,1.0,14.3,23.4,1.5,1.1,2.6,.090,0.0,-1.1,-1.1,0.3,2024
52,37,Malik Beasley,SG,27,MIL,68,2014,10.9,.621,.748,.052,2.2,11.8,7.2,6.1,1.3,0.3,7.0,14.4,2.0,1.4,3.5,.083,-0.5,-0.7,-1.2,0.4,2024
53,38,MarJon Beauchamp,SF,23,MIL,46,593,9.0,.582,.459,.178,4.2,13.3,8.9,6.5,1.0,0.9,13.8,14.2,0.2,0.4,0.6,.048,-2.6,-1.0,-3.6,-0.2,2024
54,39,Jules Bernard,SG,24,WAS,12,85,13.5,.527,.488,.146,8.6,6.5,7.6,19.0,0.5,1.0,8.4,23.6,0.0,0.0,0.0,.023,0.9,-3.4,-2.5,0.0,2024
55,40,Dāvis Bertāns,PF,31,TOT,32,432,11.8,.569,.862,.171,1.8,9.2,5.4,8.2,1.8,1.7,5.8,17.6,0.4,0.3,0.6,.071,-0.5,-0.5,-1.0,0.1,2024
56,40,Dāvis Bertāns,PF,31,OKC,15,91,17.3,.675,.923,.577,2.5,9.5,6.1,12.2,1.6,3.0,3.0,16.0,0.3,0.1,0.4,.228,3.2,0.7,3.9,0.1,2024
57,40,Dāvis Bertāns,PF,31,CHO,17,341,10.3,.543,.849,.087,1.6,9.2,5.2,7.2,1.9,1.4,6.4,18.0,0.0,0.2,0.2,.029,-1.5,-0.8,-2.3,0.0,2024
58,Rk,Player,Pos,Age,Tm,G,MP,PER,TS%,3PAr,FTr,ORB%,DRB%,TRB%,AST%,STL%,BLK%,TOV%,USG%,OWS,DWS,WS,WS/48,OBPM,DBPM,BPM,VORP,2024
59,41,Patrick Beverley,PG,35,TOT,66,1291,10.9,.527,.476,.246,3.6,13.7,8.6,18.9,1.4,2.0,14.3,14.4,0.7,1.3,2.0,.074,-2.0,0.3,-1.7,0.1,2024
60,41,Patrick Beverley,PG,35,PHI,47,919,11.6,.547,.452,.261,3.5,14.1,8.7,21.0,1.3,1.8,15.4,14.9,0.7,0.9,1.6,.082,-1.5,0.0,-1.5,0.1,2024
61,41,Patrick Beverley,PG,35,MIL,19,372,9.0,.474,.538,.204,3.6,12.7,8.3,13.8,1.8,2.5,11.4,13.2,0.0,0.4,0.4,.055,-3.3,1.2,-2.1,0.0,2024
62,42,Saddiq Bey,SF,24,ATL,63,2062,13.0,.549,.514,.291,8.4,13.3,10.8,5.9,1.2,0.5,6.4,16.9,2.8,0.7,3.5,.081,0.1,-2.0,-1.9,0.1,2024
63,43,Goga Bitadze,C,24,ORL,56,924,18.1,.637,.065,.405,13.5,21.4,17.4,11.9,1.6,7.2,14.8,13.1,1.8,1.9,3.7,.192,-0.4,2.9,2.5,1.0,2024
64,44,Onuralp Bitim,SG,24,CHI,15,215,8.0,.534,.508,.066,3.1,11.7,7.3,7.0,0.7,1.0,8.7,14.1,0.0,0.1,0.1,.032,-3.4,-1.1,-4.5,-0.1,2024
65,45,Bismack Biyombo,C,31,TOT,36,755,9.5,.552,.000,.407,8.5,20.5,14.3,10.0,0.7,4.3,22.5,10.7,0.0,1.0,1.0,.062,-5.1,1.5,-3.6,-0.3,2024
66,45,Bismack Biyombo,C,31,MEM,30,718,9.9,.560,.000,.387,8.4,21.1,14.6,10.2,0.7,4.4,21.4,10.6,0.1,0.9,1.0,.069,-4.8,1.6,-3.2,-0.2,2024
67,45,Bismack Biyombo,C,31,OKC,6,37,0.2,.347,.000,1.000,9.4,8.7,9.0,6.0,1.3,2.5,41.0,11.4,-0.1,0.0,-0.1,-0.076,-10.2,-0.8,-11.0,-0.1,2024
68,46,Anthony Black,PG,20,ORL,63,1107,8.4,.554,.374,.328,3.4,11.2,7.3,10.8,1.5,1.8,16.5,12.7,0.1,1.5,1.6,.069,-3.8,0.9,-2.9,-0.2,2024
69,47,Leaky Black,SF,24,CHO,22,218,10.0,.554,.385,.359,3.9,16.0,9.7,10.9,1.1,2.6,10.0,10.1,0.2,0.1,0.3,.066,-3.2,-0.2,-3.5,-0.1,2024
70,48,Buddy Boeheim,SF,24,DET,3,28,21.5,.669,.833,.417,3.9,12.2,8.0,15.7,0.0,0.0,0.0,21.5,0.1,0.0,0.1,.235,8.9,0.1,9.0,0.1,2024
71,49,Bogdan Bogdanović,SG,31,ATL,67,1986,14.4,.562,.594,.134,2.3,10.2,6.1,14.7,2.0,0.9,8.3,22.3,2.1,1.0,3.1,.075,0.8,-0.8,0.1,1.0,2024
72,50,Bojan Bogdanović,PF-SF,34,TOT,45,1278,12.1,.578,.497,.230,1.6,10.2,5.8,10.7,1.1,0.3,12.4,24.2,0.1,0.6,0.7,.027,-1.0,-2.3,-3.3,-0.4,2024
73,50,Bojan Bogdanović,PF,34,DET,28,921,14.0,.600,.487,.245,1.6,10.0,5.7,12.0,1.2,0.4,11.8,24.6,0.5,0.3,0.8,.041,0.3,-2.4,-2.1,0.0,2024
74,50,Bojan Bogdanović,SF,34,NYK,17,357,7.4,.516,.526,.188,1.6,10.6,6.1,7.4,0.7,0.3,13.9,23.4,-0.4,0.3,-0.1,-0.010,-4.3,-2.1,-6.4,-0.4,2024
75,51,Bol Bol,PF,24,PHO,33,373,19.5,.696,.333,.132,9.0,24.0,16.9,5.6,0.8,5.0,9.9,17.5,0.8,0.5,1.3,.173,1.7,0.5,2.2,0.4,2024
76,52,Marques Bolden,C,25,TOT,4,16,-5.1,.000,.000,.000,0.0,20.6,10.3,0.0,0.0,0.0,50.0,5.5,-0.1,0.0,0.0,-0.139,-12.4,-2.9,-15.3,-0.1,2024
77,52,Marques Bolden,C,25,MIL,2,3,3.1,,,,0.0,71.3,36.6,0.0,0.0,0.0,,0.0,0.0,0.0,0.0,.102,-7.7,2.3,-5.4,0.0,2024
78,52,Marques Bolden,C,25,CHO,2,13,-7.0,.000,.000,.000,0.0,8.9,4.3,0.0,0.0,0.0,50.0,6.7,-0.1,0.0,-0.1,-0.195,-13.5,-4.1,-17.6,0.0,2024
79,53,Devin Booker,PG,27,PHO,57,2037,22.3,.609,.304,.340,2.8,11.7,7.5,31.4,1.2,1.0,10.0,30.0,6.2,1.6,7.8,.184,4.1,-1.0,3.1,2.6,2024
80,54,Brandon Boston Jr.,SF,22,LAC,26,221,9.5,.497,.309,.227,5.9,9.4,7.7,4.5,0.9,2.8,9.3,23.4,-0.2,0.2,0.0,-0.007,-5.4,-3.2,-8.6,-0.4,2024
81,55,Chris Boucher,PF,31,TOR,50,705,16.0,.625,.433,.424,9.4,23.0,16.1,4.5,1.0,3.0,9.8,17.3,1.2,0.7,1.8,.123,-0.4,-1.3,-1.7,0.0,2024
82,56,James Bouknight,SG,23,CHO,14,81,15.9,.597,.732,.049,1.3,11.5,6.2,12.1,0.6,1.1,4.6,23.8,0.1,0.0,0.1,.067,4.3,-2.2,2.1,0.1,2024
83,57,Jamaree Bouyea,PG,24,POR,6,57,-4.8,.238,.381,.000,3.8,16.8,9.9,19.3,0.0,0.0,27.6,21.7,-0.4,0.0,-0.4,-0.299,-13.0,-4.8,-17.8,-0.2,2024
84,58,Malaki Branham,PG,20,SAS,66,1353,8.7,.518,.411,.102,2.0,8.5,5.2,15.1,0.8,0.4,12.1,19.6,-0.8,0.4,-0.3,-0.012,-3.6,-2.3,-5.8,-1.3,2024
85,59,Christian Braun,SG,22,DEN,71,1375,11.7,.550,.329,.297,5.0,15.3,10.3,9.5,1.3,1.9,9.4,15.9,1.0,1.6,2.6,.090,-2.1,-0.2,-2.3,-0.1,2024
86,60,Mikal Bridges,SF,27,BRK,71,2501,15.1,.561,.438,.264,2.5,12.6,7.4,16.3,1.4,0.9,10.3,25.0,1.7,1.8,3.6,.068,0.8,-1.1,-0.3,1.1,2024
87,Rk,Player,Pos,Age,Tm,G,MP,PER,TS%,3PAr,FTr,ORB%,DRB%,TRB%,AST%,STL%,BLK%,TOV%,USG%,OWS,DWS,WS,WS/48,OBPM,DBPM,BPM,VORP,2024
88,61,Miles Bridges,SF,25,CHO,59,2217,15.4,.554,.367,.171,3.0,19.8,11.1,14.5,1.3,1.3,9.7,24.9,0.4,1.4,1.9,.041,0.1,-1.2,-1.0,0.5,2024
89,62,Oshae Brissett,SF,25,BOS,47,550,12.9,.552,.392,.515,10.4,16.0,13.3,8.2,1.4,0.8,8.6,13.8,0.9,0.8,1.6,.144,-1.6,0.3,-1.3,0.1,2024
90,63,Izaiah Brockington,PG,24,NOP,1,3,26.6,.400,.200,.000,37.7,36.2,36.9,0.0,0.0,0.0,0.0,72.2,0.0,0.0,0.0,-0.168,-9.1,-8.6,-17.7,0.0,2024
91,64,Malcolm Brogdon,PG,31,POR,39,1121,17.0,.560,.401,.234,2.7,12.9,7.5,30.7,1.2,0.6,9.9,23.1,2.0,0.6,2.6,.110,2.7,-0.7,2.0,1.1,2024
92,65,Armoni Brooks,PG,25,BRK,10,104,8.2,.448,.696,.043,7.1,12.0,9.5,6.8,0.5,0.9,6.0,20.7,-0.1,0.0,0.0,-0.021,-2.1,-3.7,-5.8,-0.1,2024
93,66,Dillon Brooks,SF,28,HOU,61,1883,9.9,.562,.472,.190,2.5,9.4,6.0,7.7,1.4,0.3,9.9,17.5,0.7,1.9,2.6,.067,-3.0,0.0,-3.0,-0.4,2024
94,67,Bruce Brown,SG-PG,27,TOT,59,1672,11.5,.553,.283,.243,3.4,14.3,8.8,13.1,1.5,0.8,11.3,16.6,1.0,1.0,2.0,.058,-2.5,-0.8,-3.3,-0.5,2024
95,67,Bruce Brown,SG,27,IND,33,981,12.1,.568,.322,.261,2.9,14.9,8.9,12.4,1.7,0.6,10.5,16.7,0.8,0.6,1.5,.071,-1.8,-0.5,-2.3,-0.1,2024
96,67,Bruce Brown,PG,27,TOR,26,691,10.7,.529,.225,.216,4.0,13.4,8.6,14.2,1.3,1.1,12.4,16.5,0.2,0.4,0.6,.039,-3.4,-1.2,-4.5,-0.4,2024
97,68,Charlie Brown Jr.,SG,26,NYK,8,37,-3.2,.300,.700,.000,3.0,3.0,3.0,0.0,0.0,5.0,16.7,14.0,-0.1,0.0,-0.1,-0.119,-10.3,-3.3,-13.6,-0.1,2024
98,69,Greg Brown III,PF,22,DAL,6,40,10.4,.501,.273,.818,8.2,16.5,12.3,12.9,0.0,8.8,21.1,20.2,0.0,0.0,0.0,-0.005,-4.9,0.6,-4.3,0.0,2024
99,70,Jaylen Brown,SF,27,BOS,63,2105,19.1,.587,.328,.252,4.0,13.7,9.0,17.1,1.7,1.2,10.4,28.9,2.9,3.0,5.9,.134,1.3,0.0,1.3,1.7,2024
100,71,Kendall Brown,SG,20,IND,10,36,11.2,.601,.111,.667,6.3,3.2,4.7,13.3,0.0,0.0,7.9,14.7,0.1,0.0,0.1,.094,-1.5,-2.2,-3.7,0.0,2024
101,72,Kobe Brown,PF,24,LAC,37,297,5.9,.493,.600,.031,4.0,13.7,9.0,7.2,1.0,0.9,9.6,10.8,0.0,0.2,0.2,.038,-4.6,0.0,-4.6,-0.2,2024
102,73,Moses Brown,C,24,POR,17,147,13.4,.443,.000,.409,21.1,31.0,25.8,6.1,0.7,3.7,11.9,17.1,0.0,0.2,0.1,.041,-4.5,-2.7,-7.1,-0.2,2024
103,74,Troy Brown Jr.,SF,24,TOT,48,558,10.2,.560,.681,.178,3.6,16.3,10.1,11.5,0.8,0.3,11.6,15.5,0.3,0.6,1.0,.082,-1.2,0.1,-1.1,0.1,2024
104,74,Troy Brown Jr.,SF,24,MIN,37,410,11.6,.603,.712,.186,4.1,15.3,9.9,11.7,1.0,0.4,12.4,15.7,0.4,0.6,1.0,.120,-0.2,0.6,0.4,0.3,2024
105,74,Troy Brown Jr.,SF,24,DET,11,148,6.2,.447,.600,.156,2.2,19.2,10.6,10.7,0.3,0.0,9.4,15.2,-0.1,0.0,-0.1,-0.022,-4.0,-1.4,-5.4,-0.1,2024
106,75,Jalen Brunson,PG,27,NYK,65,2284,22.2,.588,.324,.298,1.8,9.7,5.7,32.4,1.3,0.5,9.6,31.5,6.5,2.3,8.7,.184,5.5,-0.2,5.3,4.3,2024
107,76,Thomas Bryant,C,26,MIA,34,378,17.2,.630,.138,.353,9.2,24.8,16.9,8.5,1.1,3.1,10.7,17.7,0.7,0.6,1.3,.165,-0.9,0.5,-0.4,0.1,2024
108,77,Kobe Bufkin,SG,20,ATL,9,89,8.8,.426,.459,.108,2.3,15.2,8.5,22.6,1.6,1.0,11.4,20.4,-0.1,0.0,0.0,-0.024,-3.4,-0.3,-3.7,0.0,2024
109,78,Reggie Bullock,SF,32,HOU,32,309,7.7,.563,.806,.015,1.7,17.3,9.5,5.0,1.4,0.6,10.6,10.4,0.1,0.4,0.4,.069,-2.8,0.4,-2.4,0.0,2024
110,79,Alec Burks,SG,32,TOT,61,1168,13.1,.543,.584,.298,2.3,11.5,6.8,10.4,1.0,0.9,6.8,24.5,0.8,0.6,1.4,.059,-0.1,-2.1,-2.2,-0.1,2024
111,79,Alec Burks,SG,32,DET,43,901,14.9,.581,.608,.330,2.0,11.8,6.8,11.1,1.1,1.0,6.4,23.4,1.3,0.4,1.7,.091,1.3,-1.7,-0.4,0.4,2024
112,79,Alec Burks,SG,32,NYK,18,267,6.9,.433,.517,.211,3.3,10.4,6.9,8.3,0.8,0.3,8.0,28.1,-0.5,0.2,-0.3,-0.051,-4.6,-3.6,-8.2,-0.4,2024
113,80,Jared Butler,SG,23,WAS,29,316,13.3,.578,.400,.174,1.3,8.4,4.7,30.0,2.2,0.8,19.0,20.3,0.1,0.1,0.2,.036,-1.7,-1.3,-3.1,-0.1,2024
114,Rk,Player,Pos,Age,Tm,G,MP,PER,TS%,3PAr,FTr,ORB%,DRB%,TRB%,AST%,STL%,BLK%,TOV%,USG%,OWS,DWS,WS,WS/48,OBPM,DBPM,BPM,VORP,2024
115,81,Jimmy Butler,PF,34,MIA,50,1703,22.5,.625,.173,.580,6.1,11.8,8.9,22.7,2.1,1.0,9.1,24.6,5.3,2.2,7.5,.212,4.2,0.8,5.0,3.0,2024
116,82,Jamal Cain,PF,24,MIA,19,239,11.7,.541,.378,.311,7.0,9.6,8.3,4.2,2.1,1.6,7.7,17.0,0.1,0.3,0.4,.086,-2.4,0.2,-2.2,0.0,2024
117,83,Kentavious Caldwell-Pope,SG,30,DEN,65,2070,10.5,.593,.510,.208,1.4,6.7,4.1,9.2,2.1,1.5,10.5,12.9,1.7,2.2,3.9,.091,-2.2,0.8,-1.5,0.3,2024
118,84,Toumani Camara,PF,23,POR,68,1674,10.5,.539,.393,.229,8.6,14.3,11.3,7.2,1.9,1.7,14.4,13.8,0.5,1.4,1.9,.054,-3.1,-0.1,-3.2,-0.5,2024
119,85,Clint Capela,C,29,ATL,62,1568,20.7,.582,.002,.319,19.5,25.8,22.5,6.3,1.0,5.2,8.6,17.4,3.7,1.6,5.3,.162,1.0,-1.3,-0.3,0.7,2024
120,86,Jevon Carter,PG,28,CHI,65,896,8.1,.489,.634,.022,1.0,5.9,3.4,12.1,1.8,1.6,9.5,17.6,-0.5,0.6,0.1,.004,-3.5,-0.6,-4.1,-0.5,2024
121,87,Wendell Carter Jr.,C,24,ORL,44,1147,15.8,.627,.380,.336,9.1,22.4,15.7,9.8,1.0,1.9,12.6,17.2,1.8,1.7,3.5,.148,0.5,0.3,0.8,0.8,2024
122,88,D.J. Carton,SG,23,TOR,4,36,9.5,.539,.500,.625,6.0,6.2,6.1,10.4,1.3,0.0,8.9,13.3,0.0,0.0,0.1,.067,-4.3,-1.2,-5.5,0.0,2024
123,89,Alex Caruso,SG,29,CHI,62,1734,14.2,.605,.613,.191,3.4,11.8,7.5,15.3,2.8,3.8,14.2,15.0,1.8,2.2,4.0,.111,-0.1,2.2,2.2,1.8,2024
124,90,Colin Castleton,C,23,LAL,7,36,18.6,.765,.000,.400,13.0,14.7,13.9,11.8,0.0,0.0,7.8,15.4,0.2,0.0,0.2,.233,-0.1,-1.8,-1.9,0.0,2024
125,91,Malcolm Cazalon,SG,22,DET,1,3,0.0,,,,0.0,0.0,0.0,0.0,0.0,0.0,,0.0,0.0,0.0,0.0,-0.013,-6.0,-3.1,-9.1,0.0,2024
126,92,Julian Champagnie,SF,22,SAS,63,1119,10.4,.556,.726,.221,3.2,12.4,7.7,9.2,1.6,2.6,11.0,14.0,0.3,0.9,1.2,.052,-1.9,-0.3,-2.2,0.0,2024
127,93,Justin Champagnie,SF,22,WAS,9,123,14.2,.571,.571,.190,9.3,13.4,11.3,9.8,2.3,3.3,16.5,18.6,0.0,0.1,0.1,.048,-0.3,-1.1,-1.4,0.0,2024
128,94,Max Christie,SG,20,LAL,57,890,8.0,.552,.495,.202,1.7,14.2,8.3,7.8,0.9,1.6,12.9,13.3,-0.1,0.7,0.6,.030,-3.4,-0.5,-3.9,-0.4,2024
129,95,Sidy Cissoko,SF,19,SAS,6,32,5.4,.387,.667,.667,0.0,20.6,10.2,0.0,4.4,0.0,11.4,11.5,-0.1,0.0,0.0,-0.011,-9.3,0.4,-8.8,-0.1,2024
130,96,Jordan Clarkson,SG,31,UTA,54,1649,12.9,.524,.379,.242,3.3,8.9,6.1,24.2,1.0,0.3,13.6,26.2,0.3,0.1,0.4,.012,-1.2,-3.1,-4.3,-1.0,2024
131,97,Nic Claxton,C,24,BRK,61,1803,19.1,.636,.010,.327,9.5,27.1,18.0,10.3,1.1,6.3,11.0,15.7,3.3,2.7,6.0,.161,0.0,1.5,1.5,1.6,2024
132,98,Noah Clowney,PF,19,BRK,12,102,13.0,.638,.375,.250,7.3,14.4,10.7,12.3,1.0,0.9,15.8,13.4,0.2,0.1,0.2,.104,-1.4,-1.1,-2.5,0.0,2024
133,99,Amir Coffey,SF,26,LAC,58,1132,10.3,.642,.504,.211,2.1,8.7,5.5,6.9,1.4,0.7,9.1,11.9,1.5,0.7,2.2,.092,-1.7,-0.4,-2.1,0.0,2024
134,100,John Collins,PF,26,UTA,65,1817,16.8,.613,.309,.241,9.2,23.8,16.6,6.1,0.9,2.9,10.7,20.1,2.7,1.3,3.9,.104,0.0,-1.5,-1.5,0.2,2024
135,Rk,Player,Pos,Age,Tm,G,MP,PER,TS%,3PAr,FTr,ORB%,DRB%,TRB%,AST%,STL%,BLK%,TOV%,USG%,OWS,DWS,WS,WS/48,OBPM,DBPM,BPM,VORP,2024
136,101,Zach Collins,C,26,SAS,58,1308,13.6,.562,.302,.259,8.1,17.4,12.7,18.5,1.1,2.7,16.7,22.1,0.1,1.1,1.2,.043,-2.5,-0.4,-2.8,-0.3,2024
137,102,Mike Conley,PG,36,MIN,66,1911,15.5,.613,.624,.176,2.0,9.0,5.7,28.5,1.9,0.6,11.3,15.5,4.4,2.9,7.3,.182,1.7,1.5,3.2,2.5,2024
138,103,Pat Connaughton,SF,31,MIL,65,1413,9.9,.605,.683,.157,3.4,12.4,8.0,10.8,1.2,1.0,11.5,10.6,1.5,1.1,2.6,.087,-1.1,0.1,-1.1,0.3,2024
139,104,Bilal Coulibaly,SF,19,WAS,63,1715,8.9,.543,.428,.303,3.4,12.9,8.0,8.2,1.6,2.3,15.1,14.1,-0.5,0.8,0.3,.010,-3.7,-0.6,-4.3,-1.0,2024
140,105,Ricky Council IV,SG,22,PHI,24,216,18.5,.592,.253,.659,6.0,14.1,10.0,6.3,0.5,0.4,3.3,24.2,0.5,0.1,0.7,.153,2.0,-2.1,-0.1,0.1,2024
141,106,Robert Covington,SF-PF,33,TOT,29,488,13.5,.580,.571,.265,6.9,15.2,11.0,6.3,3.9,3.4,9.1,10.6,0.6,0.9,1.4,.142,-1.1,3.2,2.1,0.5,2024
142,106,Robert Covington,PF,33,LAC,3,69,10.6,.455,.889,.222,3.4,9.6,6.6,12.1,4.3,2.6,0.0,6.3,0.1,0.1,0.2,.123,-2.3,4.4,2.1,0.1,2024
143,106,Robert Covington,SF,33,PHI,26,419,14.0,.593,.539,.270,7.5,16.2,11.7,5.3,3.9,3.5,9.9,11.4,0.5,0.8,1.3,.145,-0.9,3.0,2.1,0.4,2024
144,107,Torrey Craig,SF,33,CHI,42,873,11.1,.571,.620,.146,7.8,15.6,11.6,7.5,1.4,2.1,10.6,12.8,0.9,0.8,1.6,.090,-1.6,-0.2,-1.8,0.0,2024
145,108,Jae Crowder,PF,33,MIL,40,953,9.4,.574,.616,.120,2.6,12.5,7.7,7.5,1.7,0.6,7.3,11.1,0.7,0.8,1.6,.078,-2.3,0.4,-1.9,0.0,2024
146,109,Jalen Crutcher,PG,24,NOP,1,3,-12.5,.000,.000,.000,0.0,0.0,0.0,0.0,0.0,0.0,0.0,14.4,0.0,0.0,0.0,-0.326,-18.3,-7.8,-26.1,0.0,2024
147,110,Cade Cunningham,PG,22,DET,59,1975,16.4,.543,.292,.232,1.7,12.9,7.2,37.0,1.2,0.9,14.5,30.1,0.6,0.9,1.5,.036,1.6,-1.8,-0.2,0.9,2024
148,111,Seth Curry,SG,33,TOT,44,616,9.8,.519,.529,.152,3.2,9.0,6.1,9.6,1.7,0.9,8.8,16.7,0.1,0.4,0.5,.037,-2.6,-0.7,-3.2,-0.2,2024
149,111,Seth Curry,SG,33,DAL,36,457,8.5,.502,.552,.131,3.6,8.9,6.2,8.4,1.8,0.6,9.4,15.8,-0.1,0.3,0.3,.029,-3.0,-0.9,-3.9,-0.2,2024
150,111,Seth Curry,SG,33,CHO,8,159,13.5,.560,.475,.203,2.0,9.5,5.6,13.2,1.5,1.8,7.2,19.1,0.1,0.1,0.2,.061,-1.2,0.0,-1.2,0.0,2024
151,112,Stephen Curry,PG,35,GSW,64,2092,20.6,.617,.612,.235,1.8,12.8,7.3,23.6,1.1,0.9,11.7,31.5,4.4,1.6,5.9,.136,6.2,-1.3,4.9,3.6,2024
152,113,Dyson Daniels,PG,20,NOP,52,1139,11.5,.518,.430,.195,5.1,13.4,9.3,15.0,3.1,1.8,15.8,12.6,0.4,1.9,2.3,.097,-2.2,2.6,0.4,0.7,2024
153,114,Anthony Davis,C,30,LAL,67,2386,25.8,.620,.073,.396,10.2,28.0,19.5,16.0,1.6,5.8,9.1,26.5,6.4,4.0,10.4,.209,3.5,1.7,5.1,4.3,2024
154,115,Johnny Davis,SG,21,WAS,40,432,4.8,.394,.227,.126,3.9,10.0,6.8,5.5,1.4,1.3,6.0,13.0,-0.5,0.1,-0.4,-0.046,-6.4,-1.9,-8.4,-0.7,2024
155,116,JD Davison,SG,21,BOS,6,11,32.0,1.031,1.000,.667,10.2,18.8,14.7,12.6,0.0,0.0,0.0,15.3,0.1,0.0,0.1,.476,11.7,2.5,14.2,0.0,2024
156,117,Dexter Dennis,SG,24,DAL,4,30,18.2,.541,.421,.158,3.7,29.3,16.5,23.4,0.0,2.9,12.9,33.2,0.0,0.0,0.0,-0.001,1.9,-0.1,1.7,0.0,2024
157,118,DeMar DeRozan,SF,34,CHI,69,2593,19.4,.584,.171,.459,1.7,11.4,6.4,21.7,1.4,1.6,7.0,25.0,6.2,1.9,8.1,.150,2.0,-0.3,1.7,2.4,2024
158,119,Moussa Diabaté,C,22,LAC,11,64,24.6,.576,.000,.737,27.8,15.4,21.4,8.6,3.9,1.4,7.4,18.6,0.2,0.1,0.3,.249,3.9,-0.6,3.3,0.1,2024
159,120,Mamadi Diakite,PF,27,SAS,3,16,30.4,.785,.000,1.200,6.7,13.8,10.2,20.2,0.0,5.2,0.0,20.1,0.1,0.0,0.1,.342,7.9,3.6,11.5,0.1,2024
160,Rk,Player,Pos,Age,Tm,G,MP,PER,TS%,3PAr,FTr,ORB%,DRB%,TRB%,AST%,STL%,BLK%,TOV%,USG%,OWS,DWS,WS,WS/48,OBPM,DBPM,BPM,VORP,2024
161,121,Hamidou Diallo,SG,25,WAS,2,5,33.1,.500,.000,.000,41.7,0.0,21.4,28.8,18.7,0.0,33.3,25.2,0.0,0.0,0.0,.198,2.6,16.0,18.6,0.0,2024
162,122,Gradey Dick,SG,20,TOR,50,964,8.9,.547,.570,.109,2.6,9.2,5.8,8.8,1.4,0.2,10.4,16.6,0.0,0.4,0.4,.020,-3.3,-1.8,-5.1,-0.8,2024
163,123,Ousmane Dieng,PF,20,OKC,31,342,9.4,.540,.644,.154,3.4,12.6,8.1,12.1,0.7,0.8,13.3,16.2,0.1,0.3,0.4,.052,-2.3,-1.3,-3.6,-0.1,2024
164,124,Spencer Dinwiddie,PG,30,TOT,65,1883,12.0,.535,.559,.316,1.5,8.9,5.2,24.5,1.2,0.8,10.5,17.0,2.1,1.1,3.2,.081,-1.2,-0.7,-1.9,0.1,2024
165,124,Spencer Dinwiddie,PG,30,BRK,48,1474,13.4,.530,.557,.321,1.9,10.1,5.9,27.3,1.3,0.6,9.8,18.5,1.9,0.9,2.8,.092,-0.5,-0.8,-1.2,0.3,2024
166,124,Spencer Dinwiddie,PG,30,LAL,17,409,7.3,.560,.571,.286,0.3,4.7,2.6,14.3,0.8,1.5,14.5,11.7,0.2,0.2,0.3,.040,-3.7,-0.6,-4.3,-0.2,2024
167,125,Donte DiVincenzo,SG,27,NYK,69,1878,15.9,.587,.693,.112,3.3,11.0,7.2,14.7,2.4,1.4,9.6,21.7,2.7,2.6,5.3,.135,2.3,1.2,3.4,2.6,2024
168,126,Luka Dončić,PG,24,DAL,61,2283,28.3,.615,.437,.376,2.4,24.0,13.2,44.2,1.9,1.3,12.5,36.1,7.5,2.8,10.3,.217,8.4,1.5,9.9,6.9,2024
169,127,Luguentz Dort,SF,24,OKC,68,1926,11.2,.599,.603,.215,4.1,10.1,7.2,6.1,1.5,2.0,8.8,15.1,1.9,2.2,4.1,.102,-1.4,-0.2,-1.6,0.2,2024
170,128,Ayo Dosunmu,SG,24,CHI,69,1967,13.2,.597,.417,.140,2.7,8.3,5.4,15.8,1.5,1.7,11.4,17.2,2.2,1.4,3.5,.086,-0.7,-0.3,-1.0,0.5,2024
171,129,Jeff Dowtin,PG,26,PHI,6,81,19.6,.780,.737,.105,1.3,12.6,6.8,27.3,2.4,1.1,13.1,12.2,0.3,0.1,0.4,.220,3.4,1.8,5.2,0.1,2024
172,130,Henri Drell,SF,23,CHI,1,3,44.5,.500,.500,.000,36.5,0.0,18.7,100.0,0.0,0.0,0.0,29.3,0.0,0.0,0.0,.476,23.0,2.3,25.3,0.0,2024
173,131,Andre Drummond,C,30,CHI,71,1208,22.3,.569,.007,.455,21.5,36.3,28.7,4.1,2.6,3.7,12.7,21.5,1.8,2.3,4.1,.163,0.4,-0.9,-0.5,0.5,2024
174,132,Chris Duarte,SF,26,SAC,50,655,9.3,.538,.591,.167,4.0,13.2,8.5,8.1,1.8,1.0,9.9,14.4,0.2,0.6,0.9,.063,-2.8,0.2,-2.6,-0.1,2024
175,133,Kris Dunn,PG,29,UTA,62,1154,12.8,.548,.360,.087,4.4,11.8,8.1,27.4,2.7,1.9,20.0,13.5,1.0,0.8,1.9,.077,-1.4,1.4,-0.1,0.6,2024
176,134,Kevin Durant,PF,35,PHO,64,2380,21.8,.630,.274,.317,1.7,17.5,10.1,23.0,1.2,3.0,13.1,29.2,4.8,2.6,7.4,.150,4.3,0.1,4.4,3.9,2024
177,135,Jalen Duren,C,20,DET,54,1602,18.6,.656,.006,.311,12.1,33.1,22.4,12.7,0.8,2.3,16.6,18.1,2.8,1.5,4.3,.130,-0.1,0.1,0.0,0.8,2024
178,136,Tari Eason,PF,22,HOU,22,480,17.1,.528,.265,.175,10.2,23.8,17.0,8.3,3.1,3.6,8.9,19.8,0.3,1.0,1.3,.128,-0.5,2.1,1.6,0.4,2024
179,137,Anthony Edwards,SG,22,MIN,68,2397,19.9,.578,.335,.317,2.1,15.1,8.9,24.8,1.8,1.5,12.0,32.5,2.5,4.2,6.7,.134,3.1,0.7,3.8,3.5,2024
180,138,Kessler Edwards,SF,23,SAC,44,216,10.5,.540,.609,.094,3.6,15.4,9.4,6.5,1.6,1.7,2.9,13.6,0.2,0.2,0.4,.086,-1.7,-0.2,-1.9,0.0,2024
181,139,Keon Ellis,SG,24,SAC,45,656,11.6,.608,.748,.143,3.2,9.8,6.4,11.8,2.7,3.2,12.8,11.7,0.6,0.8,1.5,.109,-1.2,2.3,1.2,0.5,2024
182,140,Joel Embiid,C,29,PHI,34,1157,34.6,.645,.149,.534,8.3,28.8,18.3,32.5,1.7,4.7,11.9,39.4,4.8,2.0,6.7,.280,8.8,3.1,11.8,4.1,2024
183,Rk,Player,Pos,Age,Tm,G,MP,PER,TS%,3PAr,FTr,ORB%,DRB%,TRB%,AST%,STL%,BLK%,TOV%,USG%,OWS,DWS,WS,WS/48,OBPM,DBPM,BPM,VORP,2024
184,141,Drew Eubanks,C,26,PHO,65,1013,15.2,.668,.013,.382,10.3,19.9,15.4,7.0,1.2,4.9,17.6,13.6,1.5,1.4,2.8,.134,-1.6,0.7,-0.9,0.3,2024
185,142,Tosan Evbuomwan,SF,22,TOT,11,198,9.1,.564,.447,.298,6.0,14.9,10.4,5.5,0.5,0.9,10.1,12.7,0.1,0.1,0.2,.045,-2.7,-1.3,-4.0,-0.1,2024
186,142,Tosan Evbuomwan,SF,22,MEM,4,74,5.7,.333,.533,.000,11.5,9.2,10.4,11.0,0.0,1.3,6.3,9.3,0.0,0.0,0.0,.019,-4.2,-2.2,-6.4,-0.1,2024
187,142,Tosan Evbuomwan,SF,22,DET,7,124,11.1,.655,.406,.438,2.7,18.3,10.4,2.3,0.8,0.7,11.6,14.8,0.1,0.1,0.2,.061,-1.9,-0.7,-2.6,0.0,2024
188,143,Dante Exum,PG,28,DAL,44,848,14.9,.654,.319,.255,2.6,12.2,7.4,19.8,1.1,0.5,12.3,16.0,1.8,0.6,2.4,.135,0.3,-0.4,-0.1,0.4,2024
189,144,Bruno Fernando,C,25,ATL,33,436,16.3,.599,.033,.455,11.0,24.3,17.4,7.5,2.2,4.5,15.5,16.6,0.5,0.5,1.0,.110,-2.9,0.8,-2.1,0.0,2024
190,145,Dorian Finney-Smith,PF,30,BRK,61,1730,10.2,.548,.665,.081,6.1,12.1,9.0,7.5,1.4,1.8,9.5,13.4,1.0,1.4,2.4,.066,-1.8,-0.1,-2.0,0.0,2024
191,146,Adam Flagler,SG,24,OKC,1,6,-13.7,.000,1.000,.000,0.0,0.0,0.0,18.0,0.0,0.0,0.0,21.7,-0.1,0.0,-0.1,-0.449,-18.1,-8.9,-27.0,0.0,2024
192,147,Malachi Flynn,PG,25,TOT,58,655,10.6,.525,.558,.205,2.8,12.2,7.4,19.5,1.8,0.8,15.5,18.1,0.0,0.5,0.4,.031,-2.6,0.0,-2.6,-0.1,2024
193,147,Malachi Flynn,PG,25,TOR,31,474,10.0,.535,.584,.161,2.9,12.3,7.5,20.2,1.8,1.1,18.4,16.2,0.0,0.3,0.3,.029,-2.8,0.1,-2.7,-0.1,2024
194,147,Malachi Flynn,PG,25,NYK,14,60,12.4,.557,.565,.478,0.0,11.2,5.6,14.3,0.8,0.0,9.7,22.1,0.1,0.1,0.1,.096,-1.8,-0.8,-2.6,0.0,2024
195,147,Malachi Flynn,PG,25,DET,13,121,11.8,.485,.491,.200,3.6,12.2,7.8,19.3,2.4,0.0,10.5,23.4,-0.1,0.1,0.0,.002,-1.8,-0.4,-2.2,0.0,2024
196,148,Simone Fontecchio,SF,28,TOT,66,1644,12.1,.600,.609,.120,4.3,12.2,8.3,8.5,1.3,1.2,10.5,16.4,1.5,0.6,2.1,.061,0.0,-1.0,-1.0,0.4,2024
197,148,Simone Fontecchio,SF,28,UTA,50,1160,11.1,.592,.651,.112,5.0,11.6,8.3,8.5,1.2,1.4,12.0,15.3,0.9,0.4,1.3,.053,-0.4,-1.2,-1.6,0.1,2024
198,148,Simone Fontecchio,SF,28,DET,16,484,14.3,.613,.532,.137,2.7,13.6,8.1,8.6,1.4,0.9,7.8,19.1,0.6,0.2,0.8,.081,0.9,-0.4,0.5,0.3,2024
199,149,Jordan Ford,PG,25,SAC,6,22,16.6,.761,.429,.286,0.0,10.4,5.1,12.6,0.0,0.0,11.3,17.2,0.1,0.0,0.1,.154,3.2,-1.2,2.0,0.0,2024
200,150,Trent Forrest,SG,25,ATL,32,352,9.0,.430,.122,.189,2.4,10.6,6.3,27.6,1.4,0.5,15.8,11.2,0.2,0.1,0.3,.037,-3.8,-0.5,-4.3,-0.2,2024
201,151,Evan Fournier,SG,31,TOT,22,374,8.6,.467,.634,.159,1.2,11.2,6.1,12.6,2.7,0.7,9.4,19.4,-0.3,0.3,0.0,-0.001,-4.5,0.5,-4.1,-0.2,2024
202,151,Evan Fournier,SG,31,NYK,3,39,2.2,.287,.750,.100,0.0,11.4,5.7,10.3,5.2,0.0,4.6,24.1,-0.2,0.1,-0.1,-0.105,-12.0,0.4,-11.5,-0.1,2024
203,151,Evan Fournier,SG,31,DET,19,335,9.3,.495,.616,.168,1.3,11.2,6.2,12.8,2.4,0.8,10.1,18.9,-0.2,0.2,0.1,.011,-3.7,0.5,-3.2,-0.1,2024
204,152,De'Aaron Fox,PG,26,SAC,62,2213,20.0,.567,.368,.286,2.9,11.3,7.0,25.1,2.7,1.0,10.3,31.4,2.6,2.5,5.1,.110,2.4,-0.3,2.1,2.3,2024
205,153,Javon Freeman-Liberty,PG,24,TOR,11,147,7.8,.482,.385,.385,2.9,15.2,8.9,13.0,1.0,1.2,14.9,15.6,-0.1,0.1,0.0,.004,-5.8,-1.7,-7.5,-0.2,2024
206,154,Alex Fudge,SF,20,LAL,4,14,-1.9,.291,.333,.333,16.7,0.0,7.9,0.0,0.0,0.0,12.7,24.4,-0.1,0.0,-0.1,-0.227,-9.9,-8.2,-18.1,-0.1,2024
207,155,Markelle Fultz,PG,25,ORL,33,711,12.5,.485,.044,.109,7.0,10.8,8.9,20.6,2.4,1.3,12.8,18.3,0.0,1.1,1.0,.070,-2.7,1.5,-1.2,0.2,2024
208,156,Andrew Funk,SG,24,CHI,2,3,-12.8,.000,.000,.000,0.0,0.0,0.0,0.0,0.0,0.0,0.0,14.6,0.0,0.0,0.0,-0.354,-18.5,-9.9,-28.4,0.0,2024
209,157,Wenyen Gabriel,PF,26,MEM,5,81,2.3,.351,.273,.227,9.2,25.2,16.9,5.4,1.2,2.3,24.8,17.1,-0.3,0.1,-0.2,-0.121,-10.7,-1.9,-12.6,-0.2,2024
210,158,Daniel Gafford,C-PF,25,TOT,63,1560,21.5,.726,.000,.398,11.9,22.5,17.1,8.2,1.7,6.8,11.4,14.8,4.5,2.0,6.4,.198,0.6,1.4,2.0,1.6,2024
211,158,Daniel Gafford,C,25,WAS,45,1192,19.9,.707,.000,.405,11.5,21.3,16.2,8.0,1.7,6.6,11.7,13.8,3.0,1.3,4.3,.174,-0.3,1.1,0.8,0.8,2024
212,158,Daniel Gafford,PF,25,DAL,18,368,27.0,.773,.000,.381,13.4,26.6,20.0,8.7,1.6,7.4,10.4,17.9,1.5,0.6,2.1,.278,3.3,2.4,5.7,0.7,2024
213,159,Danilo Gallinari,PF-SF,35,TOT,45,592,13.6,.601,.500,.500,3.2,15.3,9.1,11.7,1.0,0.8,7.6,17.0,1.0,0.3,1.2,.101,-0.5,-1.1,-1.6,0.1,2024
214,159,Danilo Gallinari,PF,35,WAS,26,385,13.4,.581,.489,.427,3.2,18.3,10.6,10.8,0.7,0.6,7.2,18.3,0.5,0.1,0.6,.077,-0.8,-1.9,-2.7,-0.1,2024
215,159,Danilo Gallinari,SF,35,DET,6,90,23.2,.799,.545,1.091,2.4,15.1,8.7,18.4,1.1,1.9,3.0,15.8,0.5,0.0,0.6,.300,5.9,1.1,6.9,0.2,2024
216,159,Danilo Gallinari,SF,35,MIL,13,117,7.0,.494,.519,.370,3.9,5.5,4.7,9.4,1.6,0.7,13.7,13.4,0.0,0.1,0.1,.026,-4.5,0.0,-4.5,-0.1,2024
217,160,Darius Garland,PG,24,CLE,47,1560,14.6,.566,.423,.226,1.8,6.6,4.3,28.5,1.8,0.3,15.8,25.8,0.6,1.8,2.4,.074,0.4,-1.1,-0.7,0.5,2024
218,Rk,Player,Pos,Age,Tm,G,MP,PER,TS%,3PAr,FTr,ORB%,DRB%,TRB%,AST%,STL%,BLK%,TOV%,USG%,OWS,DWS,WS,WS/48,OBPM,DBPM,BPM,VORP,2024
219,161,Usman Garuba,PF,21,GSW,3,8,6.1,.000,.000,.000,13.4,0.0,6.7,13.9,6.0,0.0,0.0,5.2,0.0,0.0,0.0,.069,-6.5,3.6,-2.9,0.0,2024
220,162,Luka Garza,C,25,MIN,18,96,17.8,.556,.509,.327,16.2,12.4,14.2,5.2,1.0,0.9,7.4,31.2,0.1,0.1,0.3,.128,-0.9,-3.2,-4.1,-0.1,2024
221,163,Kaiser Gates,SF,27,NOP,1,7,-19.8,.000,.500,.000,0.0,15.5,7.9,0.0,0.0,0.0,0.0,24.8,-0.1,0.0,-0.1,-0.548,-18.6,-10.0,-28.6,-0.1,2024
222,164,Keyonte George,PG,20,UTA,64,1681,11.3,.540,.539,.283,0.9,11.1,6.0,23.6,0.9,0.4,16.1,22.6,0.2,0.2,0.4,.012,-0.9,-2.6,-3.5,-0.6,2024
223,165,Paul George,PF,33,LAC,64,2182,18.9,.607,.487,.222,1.7,15.4,8.8,16.2,2.3,1.3,10.0,26.5,3.6,2.5,6.1,.133,2.6,0.2,2.8,2.6,2024
224,166,Taj Gibson,PF,38,TOT,17,176,3.7,.367,.320,.080,6.3,12.7,9.5,6.3,0.8,3.2,16.2,7.5,-0.1,0.2,0.1,.028,-6.6,0.2,-6.4,-0.2,2024
225,166,Taj Gibson,PF,38,NYK,16,165,3.2,.335,.261,.087,6.7,12.2,9.4,6.8,0.6,3.4,17.3,7.5,-0.1,0.2,0.1,.022,-7.0,0.1,-6.9,-0.2,2024
226,166,Taj Gibson,PF,38,DET,1,11,12.2,.750,1.000,.000,0.0,20.6,10.1,0.0,4.4,0.0,0.0,7.7,0.0,0.0,0.0,.129,-0.8,2.3,1.5,0.0,2024
227,167,Josh Giddey,SG,21,OKC,69,1696,15.7,.533,.295,.126,6.4,20.9,13.9,24.9,1.3,2.0,15.3,22.6,0.7,2.4,3.2,.089,0.5,0.3,0.8,1.2,2024
228,168,Harry Giles,C,25,TOT,21,93,16.2,.531,.255,.277,13.7,19.3,16.5,11.2,0.5,2.9,10.2,27.3,0.0,0.1,0.1,.049,-1.8,-2.0,-3.8,0.0,2024
229,168,Harry Giles,C,25,BRK,16,81,18.3,.543,.250,.295,15.7,19.6,17.6,12.9,0.6,3.3,10.8,29.7,0.0,0.1,0.1,.068,-1.1,-1.8,-2.8,0.0,2024
230,168,Harry Giles,C,25,LAL,5,12,1.6,.333,.333,.000,0.0,17.7,9.3,0.0,0.0,0.0,0.0,10.8,0.0,0.0,0.0,-0.073,-6.7,-3.7,-10.4,0.0,2024
231,169,Shai Gilgeous-Alexander,PG,25,OKC,69,2371,29.7,.641,.178,.435,2.9,14.9,9.1,30.2,2.9,2.5,8.6,32.9,9.9,4.0,13.9,.282,6.8,2.5,9.3,6.8,2024
232,170,Anthony Gill,PF,31,WAS,40,253,12.8,.563,.275,.325,9.1,14.8,11.9,11.2,1.5,2.3,17.2,18.3,0.0,0.1,0.2,.034,-2.2,-1.6,-3.7,-0.1,2024
233,171,Collin Gillespie,PG,24,DEN,20,180,10.6,.614,.509,.182,0.6,8.4,4.6,12.4,2.8,0.0,16.8,17.3,0.0,0.2,0.2,.066,-3.9,0.6,-3.3,-0.1,2024
234,172,Jacob Gilyard,PG,25,MEM,37,654,11.5,.597,.833,.014,1.3,6.1,3.6,28.7,2.0,0.7,16.7,11.5,0.8,0.6,1.4,.105,-1.5,0.2,-1.3,0.1,2024
235,173,Rudy Gobert,C,31,MIN,65,2212,18.7,.665,.006,.608,13.0,29.1,21.5,5.2,0.9,5.5,13.2,15.3,4.6,5.1,9.6,.208,-0.1,1.7,1.6,2.0,2024
236,174,Jordan Goodwin,PG,25,TOT,49,806,11.4,.451,.402,.149,7.7,14.8,11.3,20.3,2.2,2.0,13.5,18.2,-0.3,1.0,0.7,.042,-2.2,0.7,-1.5,0.1,2024
237,174,Jordan Goodwin,PG,25,PHO,40,558,12.4,.481,.415,.150,8.6,14.7,11.8,18.6,2.0,1.4,12.4,18.2,0.2,0.6,0.8,.070,-1.3,0.4,-0.9,0.2,2024
238,174,Jordan Goodwin,PG,25,MEM,9,248,9.2,.379,.373,.145,5.6,15.1,10.2,24.3,2.8,3.4,16.1,18.3,-0.5,0.4,-0.1,-0.021,-4.4,1.5,-3.0,-0.1,2024
239,175,Aaron Gordon,PF,28,DEN,65,2049,16.6,.601,.183,.361,8.8,14.0,11.5,14.4,1.2,1.7,11.1,17.9,3.7,2.3,6.0,.140,0.9,0.0,0.9,1.5,2024
240,176,Eric Gordon,SG,35,PHO,58,1677,11.5,.598,.633,.107,1.1,6.2,3.8,10.5,1.6,1.4,10.4,16.6,1.3,1.2,2.5,.072,-0.7,-0.7,-1.4,0.3,2024
241,177,Devonte' Graham,PG,28,SAS,15,124,13.7,.545,.732,.220,1.7,16.0,8.7,22.9,1.9,0.7,8.2,16.6,0.1,0.1,0.2,.096,-1.0,0.2,-0.8,0.0,2024
242,178,Jerami Grant,PF,29,POR,54,1830,15.4,.573,.325,.367,2.2,10.1,5.9,13.7,1.2,1.7,10.5,25.7,1.7,1.0,2.7,.070,0.9,-1.1,-0.2,0.8,2024
243,179,A.J. Green,SG,24,MIL,47,484,11.9,.636,.861,.097,1.9,10.2,6.1,7.4,0.5,0.4,4.4,16.0,0.8,0.2,1.1,.105,0.8,-1.9,-1.1,0.1,2024
244,180,Danny Green,SG,36,PHI,2,18,0.7,.000,.500,.000,0.0,12.6,6.1,6.5,2.7,0.0,0.0,4.8,0.0,0.0,0.0,-0.038,-7.4,0.8,-6.6,0.0,2024
245,Rk,Player,Pos,Age,Tm,G,MP,PER,TS%,3PAr,FTr,ORB%,DRB%,TRB%,AST%,STL%,BLK%,TOV%,USG%,OWS,DWS,WS,WS/48,OBPM,DBPM,BPM,VORP,2024
246,181,Draymond Green,PF,33,GSW,45,1216,14.3,.578,.345,.204,5.6,23.4,14.5,28.7,1.4,3.0,23.7,15.7,1.1,1.6,2.7,.108,-0.6,2.7,2.1,1.2,2024
247,182,Jalen Green,SG,21,HOU,70,2189,14.8,.544,.445,.272,1.6,15.4,8.5,16.6,1.2,1.0,10.8,27.2,0.4,2.5,2.9,.064,0.4,-0.8,-0.3,0.9,2024
248,183,Jeff Green,PF,37,HOU,66,1099,10.9,.598,.390,.447,3.6,10.5,7.0,6.9,0.5,2.4,10.9,15.3,1.1,1.1,2.2,.094,-2.0,-0.2,-2.2,-0.1,2024
249,184,Josh Green,SG,23,DAL,54,1436,10.3,.604,.499,.155,2.9,10.4,6.7,11.1,1.5,0.6,13.1,13.0,1.2,1.0,2.2,.074,-2.0,-0.4,-2.4,-0.1,2024
250,185,AJ Griffin,SF,20,ATL,18,132,1.8,.403,.733,.044,1.6,10.2,5.7,3.8,0.4,0.7,11.6,16.3,-0.3,0.0,-0.3,-0.097,-5.4,-3.3,-8.7,-0.2,2024
251,186,Quentin Grimes,SG,23,TOT,51,1025,8.8,.516,.732,.137,1.6,9.3,5.4,8.7,1.7,0.6,7.5,15.7,0.3,1.0,1.3,.063,-2.7,0.4,-2.2,-0.1,2024
252,186,Quentin Grimes,SG,23,NYK,45,910,9.5,.543,.741,.119,1.7,9.1,5.4,7.9,1.7,0.3,6.5,15.2,0.6,1.0,1.6,.084,-2.0,0.6,-1.5,0.1,2024
253,186,Quentin Grimes,SG,23,DET,6,115,3.9,.342,.667,.262,1.0,10.9,5.8,15.6,2.1,3.0,13.0,19.8,-0.3,0.1,-0.3,-0.108,-7.7,-0.4,-8.2,-0.2,2024
254,187,Mouhamadou Gueye,PF,25,TOR,5,34,3.5,.274,.000,.364,12.6,9.9,11.3,0.0,1.4,17.9,23.9,21.0,-0.2,0.1,-0.1,-0.197,-12.6,-0.6,-13.2,-0.1,2024
255,188,Mouhamed Gueye,PF,21,ATL,2,4,-0.6,.000,1.000,.000,0.0,0.0,0.0,0.0,12.0,0.0,0.0,10.4,0.0,0.0,0.0,-0.110,-12.6,3.7,-8.9,0.0,2024
256,189,Rui Hachimura,PF,25,LAL,57,1472,14.0,.615,.339,.201,3.3,12.4,8.1,5.9,1.2,1.1,6.3,18.5,1.7,1.1,2.7,.089,-0.8,-1.1,-1.9,0.0,2024
257,190,Ashton Hagans,PG,24,POR,14,237,8.0,.494,.300,.260,4.1,12.7,8.1,23.7,1.9,3.4,29.2,14.2,-0.2,0.2,0.0,-0.001,-4.7,1.3,-3.4,-0.1,2024
258,191,Tyrese Haliburton,PG,23,IND,59,1904,23.4,.602,.495,.214,1.9,11.9,6.9,46.5,1.7,1.7,12.2,24.9,6.5,1.2,7.7,.193,7.3,-0.5,6.8,4.2,2024
259,192,R.J. Hampton,PG,22,MIA,8,76,0.9,.336,.571,.143,2.9,6.0,4.5,13.7,0.0,0.0,16.8,10.5,-0.1,0.0,-0.1,-0.041,-8.2,-1.4,-9.6,-0.1,2024
260,193,Tim Hardaway Jr.,SF,31,DAL,67,1850,12.3,.548,.610,.182,1.2,12.1,6.6,8.5,0.9,0.2,6.2,23.0,0.8,1.0,1.8,.048,-0.4,-2.4,-2.9,-0.4,2024
261,194,James Harden,PG,34,LAC,63,2186,19.1,.627,.593,.418,1.6,14.6,8.4,33.4,1.5,2.3,16.0,20.7,5.7,2.1,7.8,.171,4.1,0.3,4.4,3.6,2024
262,195,Jaden Hardy,SG,21,DAL,62,859,11.7,.520,.476,.153,2.0,11.5,6.8,16.2,1.0,0.4,9.5,24.5,-0.1,0.5,0.4,.022,-1.4,-2.3,-3.7,-0.4,2024
263,196,Ron Harper Jr.,PF,23,TOR,1,4,0.0,,,,0.0,0.0,0.0,28.4,0.0,0.0,,0.0,0.0,0.0,0.0,.093,-11.7,3.0,-8.7,0.0,2024
264,197,Gary Harris,SG,29,ORL,46,1057,10.1,.600,.684,.166,2.2,6.0,4.1,9.3,1.8,1.1,8.7,12.3,1.1,1.3,2.4,.108,-1.9,1.1,-0.8,0.3,2024
265,198,Joe Harris,SG,32,DET,16,170,4.6,.489,.769,.051,1.9,6.7,4.3,7.6,0.8,1.0,9.1,10.9,0.0,0.0,0.0,.000,-4.7,-1.1,-5.8,-0.2,2024
266,199,Kevon Harris,SG,26,ORL,2,6,11.1,.667,.000,.000,0.0,39.4,19.5,32.8,0.0,0.0,25.0,29.1,0.0,0.0,0.0,.038,-15.5,-0.3,-15.8,0.0,2024
267,200,Tobias Harris,PF,31,PHI,62,2108,16.3,.575,.264,.226,3.5,17.2,10.2,14.1,1.5,1.5,8.4,20.7,2.7,2.3,5.0,.113,0.8,-0.2,0.6,1.4,2024
268,Rk,Player,Pos,Age,Tm,G,MP,PER,TS%,3PAr,FTr,ORB%,DRB%,TRB%,AST%,STL%,BLK%,TOV%,USG%,OWS,DWS,WS,WS/48,OBPM,DBPM,BPM,VORP,2024
269,201,Shaquille Harrison,SG,30,MEM,3,6,15.8,.500,.000,.000,0.0,37.8,18.3,0.0,0.0,15.4,0.0,14.4,0.0,0.0,0.0,.090,-0.7,5.3,4.6,0.0,2024
270,202,Josh Hart,SF,28,NYK,69,2249,11.1,.507,.412,.162,5.1,22.5,13.8,15.2,1.4,0.9,13.4,13.4,1.2,3.2,4.3,.092,-1.8,1.5,-0.3,1.0,2024
271,203,Isaiah Hartenstein,C,25,NYK,64,1598,18.4,.665,.010,.413,14.8,22.9,18.8,12.2,2.2,4.2,17.4,11.5,3.7,3.0,6.7,.201,0.3,2.8,3.0,2.0,2024
272,204,Sam Hauser,SF,26,BOS,68,1453,13.2,.660,.862,.039,2.9,13.8,8.6,5.7,1.1,1.3,6.3,14.3,2.5,1.8,4.3,.142,1.6,0.2,1.8,1.4,2024
273,205,Jordan Hawkins,SG,21,NOP,60,1100,10.6,.538,.652,.175,2.9,11.4,7.2,8.5,0.8,0.5,7.4,20.2,0.4,1.0,1.4,.063,-1.0,-1.6,-2.6,-0.2,2024
274,206,Jaxson Hayes,C,23,LAL,60,701,13.7,.697,.057,.489,9.4,16.8,13.3,4.7,1.8,2.8,15.3,12.5,1.1,0.8,1.9,.131,-3.0,0.7,-2.2,0.0,2024
275,207,Killian Hayes,PG,22,DET,42,1008,10.4,.474,.261,.177,1.2,12.2,6.6,27.4,1.7,1.7,14.3,15.0,0.0,0.6,0.7,.031,-2.9,0.2,-2.6,-0.2,2024
276,208,Gordon Hayward,SF,33,TOT,41,1074,12.7,.538,.218,.291,3.6,13.4,8.4,19.8,1.5,1.0,13.1,18.7,0.4,0.7,1.1,.051,-1.7,-0.6,-2.3,-0.1,2024
277,208,Gordon Hayward,SF,33,CHO,25,798,14.2,.544,.205,.273,3.4,13.4,8.2,22.1,1.7,1.4,13.3,21.1,0.2,0.5,0.7,.043,-1.3,-0.6,-1.9,0.0,2024
278,208,Gordon Hayward,SF,33,OKC,16,276,8.6,.510,.281,.386,4.2,13.6,9.1,13.3,0.9,0.0,11.9,11.9,0.2,0.3,0.4,.074,-3.0,-0.4,-3.4,-0.1,2024
279,209,Scoot Henderson,PG,19,POR,52,1415,9.2,.483,.326,.280,3.4,9.7,6.4,27.5,1.3,0.7,18.2,26.0,-2.0,0.7,-1.3,-0.044,-3.9,-2.3,-6.2,-1.5,2024
280,210,Taylor Hendricks,PF,20,UTA,29,561,10.7,.550,.588,.131,6.7,18.4,12.6,3.8,1.5,3.5,10.6,14.1,0.2,0.4,0.6,.053,-2.5,-0.8,-3.2,-0.2,2024
281,211,Tyler Herro,SG,24,MIA,36,1209,15.4,.549,.452,.122,1.7,16.4,8.9,22.2,1.2,0.2,10.1,28.0,0.0,1.4,1.4,.056,1.4,-0.7,0.7,0.8,2024
282,212,Buddy Hield,SF-SG,31,TOT,73,1923,13.1,.579,.672,.061,2.7,10.8,6.8,15.0,1.6,1.7,10.5,19.0,1.6,1.3,2.9,.073,1.0,-0.6,0.4,1.2,2024
283,212,Buddy Hield,SF,31,IND,52,1336,13.0,.586,.691,.064,2.9,11.3,7.1,12.9,1.5,1.8,10.4,18.6,1.1,0.8,1.9,.068,0.9,-0.8,0.1,0.7,2024
284,212,Buddy Hield,SG,31,PHI,21,587,13.4,.564,.633,.055,2.4,9.8,6.0,19.6,1.7,1.2,10.7,19.9,0.5,0.5,1.0,.084,1.1,-0.1,1.0,0.4,2024
285,213,Haywood Highsmith,PF,27,MIA,55,1066,10.2,.563,.594,.118,4.7,11.0,7.8,7.2,2.0,2.3,9.2,12.3,0.6,1.5,2.0,.092,-2.4,1.2,-1.2,0.2,2024
286,214,Nate Hinton,SG,24,HOU,11,58,19.1,.698,.550,.250,5.5,16.6,11.0,14.9,1.7,3.2,8.3,17.7,0.2,0.1,0.3,.230,3.5,2.1,5.6,0.1,2024
287,215,D'Moi Hodge,SG,25,LAL,7,41,6.1,.441,.800,.133,0.0,0.0,0.0,15.6,1.2,2.1,5.9,17.8,0.0,0.0,0.0,-0.023,-3.8,-2.6,-6.4,0.0,2024
288,216,Aaron Holiday,PG,27,HOU,67,1101,11.3,.580,.531,.142,1.6,8.7,5.2,15.4,1.6,0.5,11.0,16.5,1.0,1.2,2.2,.094,-1.8,0.4,-1.3,0.2,2024
289,217,Jrue Holiday,PG,33,BOS,61,2017,14.7,.605,.459,.118,4.2,13.0,8.8,19.6,1.4,2.0,14.8,16.3,3.1,2.7,5.9,.140,1.2,1.2,2.4,2.3,2024
290,218,Justin Holiday,SG,34,DEN,47,679,9.3,.602,.699,.027,1.0,8.2,4.7,9.6,1.9,0.8,6.3,10.1,0.7,0.7,1.4,.099,-2.7,0.8,-1.9,0.0,2024
291,219,Richaun Holmes,C-PF,30,TOT,38,512,14.5,.595,.015,.324,13.6,21.3,17.4,6.0,0.9,3.0,11.9,14.6,0.8,0.4,1.2,.114,-2.3,-1.0,-3.3,-0.2,2024
292,219,Richaun Holmes,C,30,DAL,23,237,13.8,.572,.000,.356,15.3,20.9,18.1,8.3,0.6,3.3,15.0,14.5,0.3,0.2,0.6,.113,-2.3,-0.6,-3.0,-0.1,2024
293,219,Richaun Holmes,PF,30,WAS,15,275,15.1,.614,.026,.299,12.1,21.6,16.8,3.9,1.2,2.7,9.4,14.7,0.5,0.2,0.7,.114,-2.3,-1.2,-3.5,-0.1,2024
294,220,Chet Holmgren,C,21,OKC,70,2106,21.0,.638,.364,.273,6.2,22.6,14.7,12.1,1.1,7.4,10.4,21.4,4.4,3.8,8.2,.186,2.3,1.7,4.0,3.2,2024
295,Rk,Player,Pos,Age,Tm,G,MP,PER,TS%,3PAr,FTr,ORB%,DRB%,TRB%,AST%,STL%,BLK%,TOV%,USG%,OWS,DWS,WS,WS/48,OBPM,DBPM,BPM,VORP,2024
296,221,Jalen Hood-Schifino,SG,20,LAL,21,109,-1.5,.316,.333,.444,2.2,10.7,6.6,9.0,1.3,1.6,14.3,25.0,-0.6,0.1,-0.5,-0.227,-12.4,-3.7,-16.1,-0.4,2024
297,222,Al Horford,C,37,BOS,58,1568,14.8,.646,.624,.076,5.4,19.8,12.9,12.5,1.1,3.1,10.1,11.8,3.1,2.5,5.6,.172,1.6,2.1,3.7,2.3,2024
298,223,Talen Horton-Tucker,PG,23,UTA,45,876,13.4,.499,.388,.244,2.5,10.9,6.8,26.5,2.3,1.6,11.6,23.5,0.3,0.5,0.8,.043,-0.8,-0.2,-1.0,0.2,2024
299,224,Danuel House Jr.,SF,30,PHI,34,509,8.5,.575,.476,.438,3.4,9.3,6.3,7.2,1.4,0.9,13.2,12.2,0.3,0.4,0.7,.063,-3.5,-0.6,-4.0,-0.3,2024
300,225,Caleb Houstan,SF,21,ORL,54,756,7.9,.570,.938,.125,4.2,8.3,6.2,4.8,0.9,0.4,7.3,12.6,0.6,0.7,1.3,.082,-1.6,-0.6,-2.3,-0.1,2024
301,226,Jett Howard,SF,20,ORL,14,52,6.6,.464,.783,.174,2.2,9.1,5.6,8.4,0.0,1.8,7.5,22.5,-0.1,0.0,0.0,-0.015,-2.2,-2.5,-4.7,0.0,2024
302,227,Kevin Huerter,SG,25,SAC,64,1562,12.3,.564,.609,.084,2.7,13.7,8.1,14.2,1.4,1.3,8.4,17.3,1.4,1.4,2.8,.086,-0.5,-0.4,-0.9,0.4,2024
303,228,Jay Huff,C,25,DEN,14,36,16.6,.738,.667,.167,3.2,27.1,15.5,3.9,1.4,0.0,7.2,16.8,0.1,0.1,0.1,.189,0.1,-0.5,-0.5,0.0,2024
304,229,De'Andre Hunter,SF,26,ATL,46,1309,13.5,.607,.444,.306,1.8,12.0,6.7,6.8,1.3,1.0,9.3,20.4,1.6,0.5,2.1,.077,-0.6,-1.4,-2.0,0.0,2024
305,230,Matthew Hurt,PF,23,MEM,8,113,8.4,.453,.588,.088,8.5,7.0,7.8,5.2,1.3,2.5,5.4,14.2,0.0,0.1,0.1,.032,-3.1,-0.6,-3.7,-0.1,2024
306,231,Bones Hyland,PG,23,LAC,31,433,8.3,.470,.550,.095,1.1,7.6,4.5,22.6,2.3,0.6,16.5,23.9,-0.7,0.4,-0.3,-0.035,-4.2,-1.5,-5.7,-0.4,2024
307,232,Joe Ingles,SF,36,ORL,57,972,10.6,.597,.703,.138,2.2,12.5,7.3,23.0,1.9,0.4,20.7,11.7,0.9,1.3,2.2,.110,-1.7,1.4,-0.3,0.4,2024
308,233,Brandon Ingram,SF,26,NOP,63,2079,18.2,.577,.237,.305,2.3,14.4,8.5,26.7,1.2,1.9,12.3,27.2,2.8,2.5,5.3,.122,1.4,-0.2,1.3,1.7,2024
309,234,Kyrie Irving,SG,31,DAL,48,1652,21.9,.598,.364,.174,2.5,13.8,8.2,24.5,1.8,1.2,7.5,28.3,3.9,1.5,5.4,.156,4.9,0.0,4.9,2.9,2024
310,235,Jonathan Isaac,PF,26,ORL,49,742,20.2,.622,.374,.300,9.7,24.1,16.8,4.4,2.3,7.3,8.0,17.6,1.3,1.7,3.0,.196,1.9,2.4,4.3,1.2,2024
311,236,Jaden Ivey,SG,21,DET,67,1914,12.6,.546,.373,.328,4.5,9.0,6.7,19.3,1.3,1.7,15.1,24.5,-0.2,0.8,0.7,.017,-1.4,-1.6,-3.0,-0.5,2024
312,237,Andre Jackson Jr.,SG,22,MIL,50,514,9.2,.623,.449,.124,9.0,12.5,10.8,11.5,1.3,0.7,20.4,9.9,0.6,0.4,1.0,.096,-3.0,0.0,-3.0,-0.1,2024
313,238,GG Jackson II,PF,19,MEM,37,873,14.2,.569,.522,.304,5.2,12.8,8.9,6.9,1.0,2.1,9.3,23.8,0.3,0.8,1.1,.060,0.0,-1.7,-1.7,0.1,2024
314,239,Isaiah Jackson,C,22,IND,51,693,21.4,.685,.019,.451,13.0,21.9,17.5,8.8,2.3,5.9,12.3,17.7,1.9,1.0,2.9,.201,0.2,1.5,1.7,0.7,2024
315,240,Jaren Jackson Jr.,C,24,MEM,61,1966,17.1,.556,.320,.360,4.1,15.2,9.4,12.8,1.7,4.6,10.9,30.5,-0.1,2.7,2.6,.064,-0.2,0.4,0.3,1.1,2024
316,Rk,Player,Pos,Age,Tm,G,MP,PER,TS%,3PAr,FTr,ORB%,DRB%,TRB%,AST%,STL%,BLK%,TOV%,USG%,OWS,DWS,WS,WS/48,OBPM,DBPM,BPM,VORP,2024
317,241,Justin Jackson,SF,28,MIN,2,1,0.0,,,,0.0,0.0,0.0,0.0,0.0,0.0,,0.0,0.0,0.0,0.0,.034,-6.3,-1.2,-7.5,0.0,2024
318,242,Quenton Jackson,PG,25,IND,1,2,5.8,,,,0.0,56.7,28.3,0.0,0.0,0.0,,0.0,0.0,0.0,0.0,.061,-8.8,4.7,-4.1,0.0,2024
319,243,Reggie Jackson,PG,33,DEN,71,1546,11.9,.527,.371,.126,1.8,7.6,4.8,23.2,1.2,0.6,11.8,21.5,0.5,1.2,1.8,.055,-1.7,-1.4,-3.1,-0.4,2024
320,244,Trayce Jackson-Davis,PF,23,GSW,57,852,21.9,.700,.000,.427,13.0,19.2,16.1,10.6,1.1,6.1,10.9,16.7,2.5,1.2,3.6,.205,1.5,1.2,2.7,1.0,2024
321,245,LeBron James,PF,39,LAL,62,2182,23.1,.621,.296,.306,2.8,19.0,11.3,36.3,1.6,1.4,14.0,29.2,4.5,2.3,6.9,.151,5.4,0.8,6.2,4.5,2024
322,246,Jaime Jaquez Jr.,SF,22,MIA,64,1873,12.6,.568,.285,.245,4.5,10.9,7.7,13.4,1.8,0.7,12.2,18.7,1.0,2.3,3.2,.083,-2.4,0.2,-2.2,-0.1,2024
323,247,DeJon Jarreau,SG,26,MEM,7,120,8.3,.345,.225,.200,5.3,31.2,17.8,26.2,2.4,0.8,15.5,18.5,-0.3,0.2,-0.1,-0.023,-6.0,1.3,-4.6,-0.1,2024
324,248,DaQuan Jeffries,SG,26,NYK,13,34,2.1,.370,.500,.143,0.0,16.4,8.2,8.4,0.0,0.0,6.3,20.1,-0.1,0.0,-0.1,-0.089,-7.1,-2.6,-9.6,-0.1,2024
325,249,Trey Jemison,C,24,TOT,17,328,11.7,.615,.000,.192,11.3,12.4,11.9,7.0,0.9,4.2,19.1,13.7,0.2,0.4,0.6,.081,-5.2,-0.5,-5.7,-0.3,2024
326,249,Trey Jemison,C,24,WAS,2,1,-36.0,,,,0.0,100.0,53.6,0.0,0.0,0.0,100.0,42.0,0.0,0.0,0.0,-1.201,-30.3,-3.6,-33.9,0.0,2024
327,249,Trey Jemison,C,24,MEM,15,327,11.8,.615,.000,.192,11.4,12.1,11.7,7.1,0.9,4.2,18.3,13.7,0.2,0.3,0.6,.085,-5.1,-0.5,-5.6,-0.3,2024
328,250,Ty Jerome,SG,26,CLE,2,15,7.6,.500,.250,.000,7.6,0.0,3.7,27.5,0.0,0.0,20.0,14.7,0.0,0.0,0.0,.044,-4.2,-0.7,-4.9,0.0,2024
329,251,Isaiah Joe,SG,24,OKC,66,1200,12.8,.617,.730,.106,2.5,10.8,6.8,7.8,1.5,1.4,8.2,16.8,1.4,1.3,2.7,.107,0.7,-0.4,0.3,0.7,2024
330,252,Cameron Johnson,PF,27,BRK,55,1530,14.8,.589,.573,.177,3.7,13.9,8.7,13.1,1.5,0.8,7.9,19.6,2.1,1.2,3.3,.103,1.3,-0.5,0.8,1.1,2024
331,253,Jalen Johnson,SF,22,ATL,51,1733,16.1,.587,.288,.216,4.0,24.2,13.7,14.8,1.6,2.4,11.2,18.8,2.0,1.5,3.6,.099,0.4,0.7,1.0,1.3,2024
332,254,James Johnson,PF,36,IND,7,35,9.7,.436,.167,.333,3.2,9.7,6.5,18.7,6.7,2.3,30.4,11.8,0.0,0.1,0.0,.045,-6.2,4.7,-1.6,0.0,2024
333,255,Keldon Johnson,SF,24,SAS,66,1949,14.3,.563,.423,.250,5.1,15.4,10.1,14.1,1.2,0.8,9.3,22.1,1.4,1.2,2.6,.064,-0.3,-1.5,-1.9,0.0,2024
334,256,Keon Johnson,SG,21,BRK,4,51,15.2,.598,.474,.526,6.2,4.4,5.4,8.3,2.9,1.8,14.6,23.2,0.1,0.0,0.1,.099,0.3,-0.9,-0.6,0.0,2024
335,257,Keyontae Johnson,SF,23,OKC,9,66,1.6,.344,.188,.000,7.0,9.8,8.4,7.2,0.7,0.0,20.0,13.1,-0.1,0.1,-0.1,-0.068,-7.7,-2.3,-10.0,-0.1,2024
336,258,Nikola Jokić,C,28,DEN,68,2342,31.0,.649,.163,.310,9.5,29.7,19.9,42.3,1.8,2.2,12.7,29.2,10.3,4.2,14.5,.296,9.1,4.2,13.3,9.1,2024
337,259,Colby Jones,SG,21,SAC,20,134,5.7,.374,.300,.100,9.1,13.7,11.3,11.6,1.4,0.7,10.3,18.5,-0.2,0.1,-0.1,-0.044,-6.8,-1.5,-8.2,-0.2,2024
338,260,Damian Jones,C,28,CLE,32,241,15.3,.652,.180,.328,8.5,17.7,13.2,8.2,1.4,4.4,15.7,15.1,0.3,0.4,0.7,.148,-2.1,1.7,-0.4,0.1,2024
339,Rk,Player,Pos,Age,Tm,G,MP,PER,TS%,3PAr,FTr,ORB%,DRB%,TRB%,AST%,STL%,BLK%,TOV%,USG%,OWS,DWS,WS,WS/48,OBPM,DBPM,BPM,VORP,2024
340,261,Derrick Jones Jr.,SF,26,DAL,65,1528,12.1,.606,.485,.273,5.2,10.7,7.9,5.3,1.4,2.4,10.5,14.9,1.5,1.2,2.7,.085,-0.9,-0.5,-1.4,0.2,2024
341,262,Herbert Jones,SF,25,NOP,65,1931,13.7,.650,.456,.264,3.9,9.3,6.7,11.2,2.1,2.9,12.6,14.1,3.0,2.7,5.7,.141,-0.5,1.6,1.1,1.5,2024
342,263,Mason Jones,SG,25,SAC,1,13,7.5,.129,.667,.667,8.5,26.5,17.3,34.0,0.0,0.0,0.0,12.7,0.0,0.0,0.0,-0.018,-3.9,-0.2,-4.1,0.0,2024
343,264,Tre Jones,PG,24,SAS,66,1775,15.2,.605,.312,.217,2.8,11.2,6.9,31.3,1.8,0.3,15.0,15.1,3.2,1.1,4.2,.114,-0.2,-0.2,-0.4,0.7,2024
344,265,Tyus Jones,PG,27,WAS,66,1933,16.5,.578,.384,.060,1.1,9.1,5.0,34.6,1.7,0.8,8.8,16.3,3.8,0.6,4.4,.109,1.5,-0.9,0.6,1.3,2024
345,266,DeAndre Jordan,C,35,DEN,31,356,16.3,.613,.000,.619,16.1,27.7,22.1,8.4,0.8,3.3,16.4,15.7,0.5,0.6,1.1,.146,-1.8,-0.2,-2.0,0.0,2024
346,267,Cory Joseph,PG,32,GSW,26,296,6.1,.470,.656,.109,2.2,8.7,5.4,17.2,0.7,0.9,15.2,11.2,0.0,0.2,0.2,.030,-4.1,-0.7,-4.8,-0.2,2024
347,268,Nikola Jović,PF,20,MIA,35,635,11.2,.566,.561,.176,3.3,21.6,12.4,14.3,1.3,1.9,14.8,16.6,0.1,0.9,1.0,.076,-2.1,1.3,-0.8,0.2,2024
348,269,Johnny Juzang,SG,22,UTA,11,151,7.8,.604,.750,.000,1.5,9.4,5.5,4.5,0.0,0.0,7.7,14.4,0.1,0.0,0.1,.024,-2.3,-3.3,-5.6,-0.1,2024
349,270,Luke Kennard,SG,27,MEM,36,906,13.6,.650,.760,.153,1.3,11.4,6.2,20.3,1.0,0.1,12.8,16.7,1.4,0.7,2.1,.110,0.8,-0.7,0.2,0.5,2024
350,271,Walker Kessler,C,22,UTA,59,1395,18.1,.660,.057,.262,12.4,23.5,18.0,5.4,0.9,9.4,14.1,12.9,2.2,1.7,3.9,.133,-0.4,1.3,0.9,1.0,2024
351,272,Braxton Key,SF,26,DEN,17,55,13.0,.456,.250,.375,6.2,21.7,14.2,18.1,1.8,1.5,5.1,15.6,0.0,0.1,0.1,.111,-1.7,1.0,-0.7,0.0,2024
352,273,Corey Kispert,SF,24,WAS,69,1648,12.8,.619,.611,.202,1.4,10.2,5.7,10.3,0.9,0.7,10.1,19.9,1.2,0.2,1.5,.043,-0.2,-2.0,-2.2,-0.1,2024
353,274,Maxi Kleber,C,32,DAL,33,691,7.8,.543,.627,.297,3.0,14.5,8.7,9.6,0.9,2.5,13.6,9.5,0.3,0.6,0.9,.061,-3.0,0.6,-2.3,-0.1,2024
354,275,Kevin Knox,SF,24,DET,31,560,9.8,.570,.505,.118,3.5,11.5,7.5,5.8,1.1,1.1,10.1,16.5,0.2,0.2,0.4,.032,-2.8,-1.8,-4.6,-0.4,2024
355,276,John Konchar,SF,27,MEM,55,1173,11.4,.537,.577,.120,6.5,17.9,12.0,13.1,2.1,4.0,17.4,9.7,0.5,1.8,2.3,.094,-2.7,2.3,-0.4,0.5,2024
356,277,Furkan Korkmaz,SG,26,PHI,35,300,9.2,.519,.526,.263,1.4,9.8,5.5,11.0,2.3,0.9,10.5,13.6,0.0,0.3,0.3,.054,-3.2,0.4,-2.8,-0.1,2024
357,278,Luke Kornet,C,28,BOS,53,828,19.2,.716,.000,.273,14.0,14.7,14.4,8.7,1.1,5.8,9.4,11.2,2.8,1.4,4.1,.240,1.2,2.0,3.2,1.1,2024
358,279,Vit Krejci,PG,23,ATL,10,228,7.5,.581,.625,.125,0.9,5.4,3.1,12.9,1.3,1.6,12.4,8.8,0.2,0.1,0.2,.052,-4.4,-0.3,-4.7,-0.2,2024
359,280,Jonathan Kuminga,PF,21,GSW,69,1812,16.9,.596,.191,.351,5.0,14.3,9.7,12.0,1.4,1.6,10.9,24.4,2.3,1.7,4.0,.106,0.0,-0.5,-0.5,0.7,2024
360,Rk,Player,Pos,Age,Tm,G,MP,PER,TS%,3PAr,FTr,ORB%,DRB%,TRB%,AST%,STL%,BLK%,TOV%,USG%,OWS,DWS,WS,WS/48,OBPM,DBPM,BPM,VORP,2024
361,281,Kyle Kuzma,PF,28,WAS,67,2162,16.1,.552,.346,.186,3.0,19.2,10.9,20.8,0.8,1.8,11.9,30.0,-0.6,1.0,0.3,.007,0.7,-1.7,-1.0,0.5,2024
362,282,Jock Landale,C,28,HOU,44,486,15.1,.546,.202,.310,14.7,12.1,13.4,12.0,1.1,4.9,12.0,14.6,0.8,0.7,1.4,.142,-1.2,0.6,-0.6,0.2,2024
363,283,Jake LaRavia,PF,22,MEM,26,514,11.6,.495,.487,.386,8.1,11.7,9.8,10.0,1.9,1.4,8.7,20.3,0.0,0.6,0.6,.056,-2.7,-0.6,-3.3,-0.2,2024
364,284,Zach LaVine,SG,28,CHI,25,872,15.1,.578,.449,.274,1.0,15.9,8.3,17.0,1.2,0.9,11.0,23.8,0.8,0.7,1.4,.078,0.8,-0.7,0.1,0.5,2024
365,285,A.J. Lawson,SG,23,DAL,33,245,12.8,.552,.447,.223,5.4,9.9,7.6,7.9,2.0,1.1,8.8,19.7,0.1,0.2,0.3,.062,-2.2,-1.2,-3.5,-0.1,2024
366,286,Saben Lee,PG,24,PHO,21,178,13.2,.477,.302,.736,6.1,13.2,9.8,21.5,1.9,1.5,10.2,19.0,0.1,0.2,0.3,.089,-2.2,0.6,-1.6,0.0,2024
367,287,Alex Len,C,30,SAC,36,324,15.3,.616,.045,.409,12.3,21.6,16.9,12.6,1.5,6.4,20.4,12.9,0.4,0.5,0.9,.136,-2.4,2.3,-0.1,0.1,2024
368,288,Kawhi Leonard,SF,32,LAC,64,2182,23.4,.629,.295,.253,4.1,15.7,10.1,17.0,2.4,2.2,8.4,26.5,5.9,2.6,8.5,.188,5.0,0.7,5.6,4.2,2024
369,289,Caris LeVert,SG,29,CLE,59,1685,14.5,.514,.411,.243,2.3,13.1,7.8,26.7,1.8,1.5,10.6,23.2,0.8,2.4,3.2,.092,-0.5,0.9,0.3,1.0,2024
370,290,Kira Lewis Jr.,PG,22,TOT,23,197,8.2,.424,.368,.250,4.0,7.7,5.9,19.9,1.5,0.5,11.7,18.6,-0.1,0.2,0.0,.001,-4.5,-1.3,-5.9,-0.2,2024
371,290,Kira Lewis Jr.,PG,22,NOP,15,144,5.7,.387,.385,.212,3.1,7.6,5.4,16.0,1.7,0.7,12.3,19.5,-0.3,0.2,-0.1,-0.040,-6.4,-1.0,-7.4,-0.2,2024
372,290,Kira Lewis Jr.,PG,22,TOR,1,2,-7.3,,,,0.0,0.0,0.0,0.0,0.0,0.0,,0.0,0.0,0.0,0.0,-0.006,-22.2,-0.1,-22.3,0.0,2024
373,290,Kira Lewis Jr.,PG,22,UTA,7,51,15.9,.536,.313,.375,6.5,8.5,7.5,31.8,0.9,0.0,9.7,16.9,0.1,0.0,0.1,.117,1.4,-2.4,-1.0,0.0,2024
374,291,Maxwell Lewis,SF,21,LAL,25,82,-2.6,.269,.308,.000,1.4,2.6,2.0,7.0,1.2,0.0,35.0,10.6,-0.3,0.0,-0.3,-0.147,-9.3,-2.5,-11.7,-0.2,2024
375,292,E.J. Liddell,PF,23,NOP,8,23,4.3,.291,.833,.333,0.0,23.6,12.0,5.1,4.3,8.6,22.5,16.7,-0.1,0.1,0.0,-0.086,-8.6,4.1,-4.5,0.0,2024
376,293,Damian Lillard,PG,33,MIL,66,2316,20.1,.596,.491,.395,1.6,11.8,6.8,29.1,1.4,0.5,11.1,28.3,5.6,1.8,7.4,.153,3.7,-1.3,2.4,2.6,2024
377,294,Nassir Little,SF,23,PHO,39,438,9.8,.575,.571,.179,3.8,14.1,9.3,5.9,1.1,2.0,9.7,13.2,0.3,0.4,0.7,.076,-2.4,-0.5,-2.9,-0.1,2024
378,295,Dereck Lively II,C,19,DAL,51,1217,18.1,.731,.007,.275,11.8,19.9,15.8,6.4,1.3,5.2,13.7,12.8,2.9,1.6,4.5,.176,-0.3,0.6,0.3,0.7,2024
379,296,Isaiah Livers,PF,25,DET,23,469,5.1,.460,.664,.155,3.5,8.0,5.7,6.9,1.3,0.9,11.4,12.6,-0.3,0.2,-0.2,-0.015,-5.0,-1.4,-6.4,-0.5,2024
380,297,Chris Livingston,SF,20,MIL,17,72,6.0,.503,.222,.111,3.1,19.3,11.4,8.8,1.3,0.0,17.5,13.7,-0.1,0.1,0.0,.010,-7.1,-0.8,-8.0,-0.1,2024
381,298,Kenneth Lofton Jr.,PF,21,TOT,17,108,6.0,.413,.279,.349,2.0,16.8,9.2,20.0,1.4,2.6,13.9,23.0,-0.3,0.1,-0.2,-0.069,-6.9,0.1,-6.8,-0.1,2024
382,298,Kenneth Lofton Jr.,PF,21,MEM,15,99,8.3,.447,.270,.405,2.1,14.9,8.3,21.8,1.5,2.8,12.1,21.6,-0.1,0.1,0.0,-0.011,-5.4,0.9,-4.5,-0.1,2024
383,298,Kenneth Lofton Jr.,PF,21,PHI,2,9,-19.9,.167,.333,.000,0.0,37.7,18.4,0.0,0.0,0.0,25.0,38.3,-0.1,0.0,-0.1,-0.707,-23.4,-9.3,-32.7,-0.1,2024
384,299,Kevon Looney,C,27,GSW,63,1056,14.7,.619,.005,.347,12.8,24.2,18.5,14.9,1.1,1.9,16.4,10.9,2.1,1.2,3.4,.154,-0.9,1.4,0.5,0.7,2024
385,300,Brook Lopez,C,35,MIL,68,2085,14.9,.603,.534,.168,5.4,13.3,9.5,7.4,0.9,6.8,8.2,15.8,2.7,2.5,5.2,.120,0.3,1.0,1.3,1.7,2024
386,Rk,Player,Pos,Age,Tm,G,MP,PER,TS%,3PAr,FTr,ORB%,DRB%,TRB%,AST%,STL%,BLK%,TOV%,USG%,OWS,DWS,WS,WS/48,OBPM,DBPM,BPM,VORP,2024
387,301,Robin Lopez,C,35,MIL,16,65,6.5,.453,.421,.105,5.2,3.3,4.2,7.7,0.7,3.9,9.1,14.5,0.0,0.0,0.0,.007,-4.6,-1.4,-6.0,-0.1,2024
388,302,Kevin Love,PF,35,MIA,47,822,18.7,.606,.695,.341,6.8,33.7,20.1,19.4,1.0,1.1,9.8,21.1,1.7,1.3,3.1,.180,3.0,1.1,4.0,1.3,2024
389,303,Kyle Lowry,PG,37,TOT,51,1443,10.9,.574,.650,.192,2.4,11.2,6.7,20.2,1.9,1.2,16.4,13.2,1.1,1.7,2.8,.094,-2.1,1.1,-1.0,0.4,2024
390,303,Kyle Lowry,PG,37,MIA,37,1037,10.9,.582,.665,.174,2.7,11.5,7.0,19.6,1.9,1.4,16.9,13.5,0.7,1.3,2.1,.096,-2.0,1.2,-0.8,0.3,2024
391,303,Kyle Lowry,PG,37,PHI,14,406,11.0,.556,.609,.239,1.6,10.6,6.0,21.8,1.8,0.7,15.0,12.7,0.4,0.4,0.8,.089,-2.2,0.7,-1.5,0.1,2024
392,304,Seth Lundy,SF,23,ATL,9,52,0.1,.373,.765,.235,2.0,13.0,7.3,0.0,0.0,0.0,5.1,15.7,-0.1,0.0,-0.1,-0.090,-7.7,-5.0,-12.7,-0.1,2024
393,305,Trey Lyles,PF,28,SAC,49,968,11.5,.602,.687,.240,5.5,19.9,12.6,7.3,0.6,1.3,9.7,14.1,1.1,0.8,1.9,.094,-0.7,-1.0,-1.6,0.1,2024
394,306,Théo Maledon,PG,22,TOT,17,213,3.2,.385,.429,.214,2.0,10.9,6.3,17.8,1.6,0.0,19.0,19.5,-0.6,0.1,-0.5,-0.118,-8.4,-2.1,-10.5,-0.5,2024
395,306,Théo Maledon,PG,22,CHO,13,200,3.9,.379,.455,.182,2.1,11.0,6.4,19.0,1.7,0.0,17.4,18.9,-0.5,0.1,-0.4,-0.107,-7.8,-1.8,-9.6,-0.4,2024
396,306,Théo Maledon,PG,22,PHO,4,13,-8.0,.470,.000,.750,0.0,8.2,4.3,0.0,0.0,0.0,36.1,27.6,-0.1,0.0,-0.1,-0.296,-17.5,-6.1,-23.7,-0.1,2024
397,307,Sandro Mamukelashvili,C,24,SAS,38,243,16.1,.547,.446,.205,11.4,19.0,15.2,18.6,1.2,2.8,9.0,17.2,0.4,0.2,0.6,.116,0.1,-0.2,-0.2,0.1,2024
398,308,Terance Mann,SG,27,LAC,63,1609,11.3,.591,.431,.186,5.4,9.2,7.4,8.8,1.1,0.8,7.8,13.3,2.2,1.0,3.2,.096,-1.1,-0.8,-1.9,0.0,2024
399,309,Tre Mann,PG,22,TOT,29,614,14.1,.554,.401,.163,2.7,16.7,9.5,23.1,2.4,0.0,13.2,17.8,0.4,0.5,1.0,.075,-1.3,1.0,-0.3,0.3,2024
400,309,Tre Mann,PG,22,OKC,13,119,14.2,.606,.475,.025,3.9,18.1,11.2,22.3,1.2,0.0,18.2,18.0,0.1,0.1,0.3,.101,0.3,-0.3,0.0,0.1,2024
401,309,Tre Mann,PG,22,CHO,16,495,14.1,.542,.383,.198,2.4,16.4,9.1,23.3,2.7,0.0,12.0,17.7,0.3,0.4,0.7,.069,-1.7,1.3,-0.4,0.2,2024
402,310,Boban Marjanović,C,35,HOU,12,55,16.2,.501,.083,.375,11.6,33.0,22.3,10.9,0.0,1.7,6.7,23.1,0.0,0.1,0.1,.103,-2.0,-2.0,-4.0,0.0,2024
403,311,Lauri Markkanen,PF,26,UTA,53,1744,21.3,.629,.495,.308,7.5,19.9,13.7,9.4,1.3,1.3,7.0,24.9,4.9,1.0,5.9,.162,4.9,-1.5,3.4,2.4,2024
404,312,Naji Marshall,SF,26,NOP,59,1128,13.4,.579,.412,.240,5.1,16.3,10.8,14.2,2.0,1.0,13.7,16.8,1.0,1.6,2.6,.111,-0.9,0.6,-0.3,0.5,2024
405,313,Caleb Martin,SF,28,MIA,54,1474,11.2,.543,.408,.184,5.0,14.3,9.6,10.9,1.4,1.5,11.3,17.4,0.3,1.8,2.1,.069,-2.1,0.1,-2.1,0.0,2024
406,314,Cody Martin,SF,28,CHO,28,753,9.2,.460,.400,.153,2.7,13.9,8.1,19.1,2.1,2.2,16.1,15.9,-0.7,0.6,-0.1,-0.009,-4.2,0.6,-3.6,-0.3,2024
407,315,KJ Martin,SF,23,TOT,54,638,9.8,.567,.170,.268,5.3,13.8,9.4,9.2,1.6,1.1,13.2,13.3,0.3,0.6,0.9,.071,-4.3,0.0,-4.2,-0.4,2024
408,315,KJ Martin,SF,23,LAC,2,31,6.9,.460,.500,.200,3.8,7.1,5.5,4.3,3.2,2.9,15.5,18.2,-0.1,0.0,0.0,-0.036,-6.9,0.7,-6.3,0.0,2024
409,315,KJ Martin,SF,23,PHI,52,607,9.9,.574,.147,.273,5.3,14.1,9.6,9.5,1.5,1.1,13.0,13.1,0.4,0.6,1.0,.076,-4.1,0.0,-4.1,-0.3,2024
410,316,Garrison Mathews,SG,27,ATL,54,751,7.9,.658,.868,.204,1.9,9.0,5.3,4.8,1.0,0.8,8.3,10.0,0.9,0.2,1.1,.069,-2.7,-0.8,-3.5,-0.3,2024
411,317,Bennedict Mathurin,SF,21,IND,59,1538,13.0,.562,.323,.338,4.4,12.8,8.6,9.9,1.1,0.7,11.3,23.3,0.7,0.7,1.4,.043,-1.3,-2.3,-3.5,-0.6,2024
412,318,Wesley Matthews,SG,37,ATL,30,337,8.1,.526,.743,.297,1.2,12.7,6.7,6.5,1.8,2.7,6.7,11.0,0.2,0.2,0.4,.054,-3.2,0.3,-2.9,-0.1,2024
413,319,Tyrese Maxey,PG,23,PHI,62,2315,19.6,.572,.399,.274,1.5,9.4,5.4,26.7,1.3,1.1,6.9,27.9,5.0,1.8,6.8,.141,3.9,-1.2,2.8,2.8,2024
414,320,Skylar Mays,PG-SG,26,TOT,34,426,12.1,.468,.342,.108,2.5,9.1,5.7,29.2,2.3,0.8,10.8,18.6,0.1,0.3,0.4,.044,-2.0,0.0,-2.0,0.0,2024
415,320,Skylar Mays,PG,26,POR,21,356,11.9,.457,.355,.123,2.7,9.4,5.9,31.6,1.9,0.8,11.0,19.6,0.0,0.2,0.2,.033,-1.8,-0.5,-2.3,0.0,2024
416,320,Skylar Mays,SG,26,LAL,13,70,13.0,.550,.250,.000,1.7,7.6,4.8,16.9,4.1,1.2,9.1,13.6,0.0,0.1,0.1,.097,-3.2,2.7,-0.5,0.0,2024
417,Rk,Player,Pos,Age,Tm,G,MP,PER,TS%,3PAr,FTr,ORB%,DRB%,TRB%,AST%,STL%,BLK%,TOV%,USG%,OWS,DWS,WS,WS/48,OBPM,DBPM,BPM,VORP,2024
418,321,Miles McBride,PG,23,NYK,57,952,13.2,.590,.567,.113,2.3,5.5,3.9,12.2,2.0,0.6,5.9,16.9,1.7,1.0,2.6,.133,-0.6,0.7,0.1,0.5,2024
419,322,CJ McCollum,PG,32,NOP,55,1734,17.4,.593,.540,.136,1.8,12.5,7.3,20.8,1.5,2.0,9.2,23.8,2.7,2.2,4.8,.134,2.8,0.0,2.8,2.1,2024
420,323,T.J. McConnell,PG,31,IND,61,1091,20.1,.577,.069,.120,3.4,13.7,8.6,40.7,2.9,0.5,15.9,22.9,2.0,1.0,2.9,.129,2.2,0.3,2.6,1.3,2024
421,324,Jaden McDaniels,SF,23,MIN,61,1786,9.3,.571,.403,.125,3.3,8.4,6.0,6.5,1.5,1.8,11.9,15.8,0.2,2.7,2.9,.077,-3.3,0.8,-2.5,-0.2,2024
422,325,Jalen McDaniels,SF,26,TOR,41,390,5.3,.417,.453,.175,3.6,13.5,8.4,8.5,2.1,0.9,13.0,18.6,-0.8,0.3,-0.5,-0.064,-7.2,-1.1,-8.3,-0.6,2024
423,326,Doug McDermott,SF,32,TOT,55,809,9.3,.606,.803,.075,1.2,6.3,3.7,11.0,0.8,0.2,9.6,15.1,0.5,0.2,0.7,.041,-1.4,-2.0,-3.4,-0.3,2024
424,326,Doug McDermott,SF,32,SAS,46,700,9.5,.620,.805,.079,1.2,6.3,3.7,11.1,0.7,0.2,9.7,14.8,0.5,0.2,0.7,.047,-1.1,-1.9,-3.0,-0.2,2024
425,326,Doug McDermott,SF,32,IND,9,109,7.9,.527,.795,.051,1.0,6.2,3.6,10.0,1.3,0.0,9.1,16.8,0.0,0.0,0.0,.006,-3.3,-2.3,-5.6,-0.1,2024
426,327,JaVale McGee,C,36,SAC,41,320,19.0,.624,.041,.352,13.5,27.3,20.2,7.0,1.8,5.6,18.5,23.1,0.2,0.5,0.7,.103,-1.8,0.6,-1.2,0.1,2024
427,328,Bryce McGowens,SG,21,CHO,50,789,9.2,.575,.454,.356,2.2,11.0,6.4,8.1,1.2,0.8,10.4,13.9,0.4,0.3,0.7,.041,-3.9,-0.8,-4.7,-0.5,2024
428,329,Jordan McLaughlin,PG,27,MIN,45,464,15.9,.617,.619,.106,3.6,10.2,7.1,24.4,3.2,1.3,11.3,12.7,1.0,0.9,1.9,.197,1.7,3.7,5.4,0.9,2024
429,330,De'Anthony Melton,SG,25,PHI,36,1002,13.4,.540,.595,.227,2.9,12.4,7.6,15.1,2.7,1.5,9.2,18.1,0.7,1.2,2.0,.096,-0.6,1.1,0.4,0.6,2024
430,331,Nathan Mensah,C,25,CHO,25,307,5.0,.496,.000,.429,10.1,13.6,11.8,3.7,1.0,4.2,29.6,6.8,0.0,0.2,0.2,.024,-8.8,-0.1,-8.9,-0.5,2024
431,332,Sam Merrill,SG,27,CLE,53,928,13.1,.599,.894,.065,2.3,10.2,6.3,14.1,0.9,0.4,4.6,17.4,1.6,0.9,2.5,.130,1.3,-0.5,0.8,0.7,2024
432,333,Chimezie Metu,C,26,TOT,40,528,13.2,.615,.389,.356,6.1,19.9,13.3,6.4,2.0,1.7,16.1,16.7,0.4,0.7,1.0,.093,-2.0,0.4,-1.6,0.0,2024
433,333,Chimezie Metu,C,26,PHO,37,447,13.9,.621,.392,.331,6.4,20.5,13.9,5.8,2.1,1.8,15.3,17.0,0.4,0.6,1.0,.104,-1.6,0.2,-1.3,0.1,2024
434,333,Chimezie Metu,C,26,DET,3,81,9.2,.577,.368,.526,4.1,16.8,10.3,9.9,1.8,1.0,20.4,15.4,0.0,0.1,0.1,.031,-4.7,1.3,-3.4,0.0,2024
435,334,Vasilije Micić,PG,30,TOT,49,866,11.1,.542,.399,.209,1.4,6.9,4.1,29.1,1.2,0.6,19.6,19.0,0.0,0.4,0.5,.025,-2.2,-1.8,-4.0,-0.4,2024
436,334,Vasilije Micić,PG,30,OKC,30,361,8.0,.498,.495,.209,0.3,6.8,3.7,25.6,1.2,0.8,22.6,15.4,-0.1,0.3,0.2,.020,-4.0,-1.5,-5.5,-0.3,2024
437,334,Vasilije Micić,PG,30,CHO,19,505,13.4,.563,.353,.209,2.1,6.9,4.4,31.6,1.3,0.6,18.1,21.6,0.2,0.1,0.3,.029,-0.9,-2.0,-2.9,-0.1,2024
438,335,Khris Middleton,SF,32,MIL,46,1215,17.3,.596,.384,.195,2.9,15.1,9.2,28.7,1.6,1.0,14.7,24.1,1.7,1.2,2.9,.114,1.3,-0.2,1.1,1.0,2024
439,336,Brandon Miller,SF,21,CHO,63,2011,12.4,.539,.439,.151,2.8,12.2,7.3,11.6,1.4,1.6,10.2,23.6,-0.6,1.0,0.4,.009,-1.5,-1.5,-3.0,-0.5,2024
440,337,Jordan Miller,SF,24,LAC,8,28,14.1,.658,.222,.222,12.7,7.8,10.2,0.0,0.0,0.0,9.2,17.1,0.1,0.0,0.1,.115,0.4,-4.3,-3.9,0.0,2024
441,338,Leonard Miller,SF,20,MIN,9,30,24.0,.682,.273,.000,8.0,36.0,22.7,26.8,1.6,2.9,8.3,17.6,0.1,0.1,0.2,.288,3.4,5.0,8.5,0.1,2024
442,339,Dariq Whitehead,SF,19,BRK,2,24,4.8,.255,.600,.400,0.0,18.9,9.1,15.5,0.0,3.8,0.0,10.6,0.0,0.0,0.0,-0.031,-5.5,-2.4,-7.9,0.0,2024
443,340,Patty Mills,PG,35,TOT,28,351,6.7,.448,.667,.036,2.8,8.1,5.3,12.0,2.4,0.3,11.0,15.6,-0.3,0.3,0.0,-0.005,-5.0,0.4,-4.5,-0.2,2024
444,340,Patty Mills,PG,35,ATL,19,202,6.5,.500,.667,.000,2.6,8.4,5.4,8.7,2.1,0.4,13.6,12.1,-0.1,0.1,0.0,.008,-4.2,0.3,-3.9,-0.1,2024
445,340,Patty Mills,PG,35,MIA,9,149,6.9,.405,.667,.067,3.0,7.7,5.3,16.4,2.7,0.0,8.9,20.3,-0.3,0.2,-0.1,-0.023,-6.0,0.6,-5.4,-0.1,2024
446,Rk,Player,Pos,Age,Tm,G,MP,PER,TS%,3PAr,FTr,ORB%,DRB%,TRB%,AST%,STL%,BLK%,TOV%,USG%,OWS,DWS,WS,WS/48,OBPM,DBPM,BPM,VORP,2024
447,341,Shake Milton,SG,27,TOT,44,559,8.9,.494,.335,.261,2.9,10.7,7.0,13.9,1.6,0.9,12.9,18.9,-0.3,0.8,0.5,.041,-4.4,0.5,-3.8,-0.3,2024
448,341,Shake Milton,SG,27,MIN,38,491,8.3,.496,.331,.275,1.7,9.7,5.9,14.1,1.6,0.9,13.5,18.6,-0.3,0.7,0.4,.041,-4.8,0.6,-4.2,-0.3,2024
449,341,Shake Milton,SG,27,DET,4,63,14.5,.494,.346,.115,12.2,19.8,15.9,13.9,1.5,1.3,9.9,20.4,0.0,0.0,0.1,.046,0.2,0.1,0.3,0.0,2024
450,341,Shake Milton,SG,27,NYK,2,5,-2.1,.347,.500,1.000,0.0,0.0,0.0,0.0,0.0,0.0,0.0,24.8,0.0,0.0,0.0,-0.088,-15.6,-4.2,-19.8,0.0,2024
451,342,Justin Minaya,SF,24,POR,25,198,5.0,.361,.684,.211,7.0,9.1,8.0,5.9,1.5,2.7,12.6,10.2,-0.2,0.1,-0.1,-0.016,-4.8,-0.8,-5.6,-0.2,2024
452,343,Josh Minott,SF,21,MIN,24,67,19.0,.573,.296,.519,5.3,16.1,11.0,8.8,2.2,5.3,5.7,23.1,0.1,0.1,0.3,.192,0.0,2.4,2.4,0.1,2024
453,344,Davion Mitchell,PG,25,SAC,60,827,8.3,.546,.507,.119,1.6,7.6,4.6,15.8,0.8,0.3,13.1,14.2,0.3,0.4,0.8,.044,-3.3,-1.1,-4.4,-0.5,2024
454,345,Donovan Mitchell,SG,27,CLE,49,1732,22.6,.600,.449,.293,2.8,13.8,8.4,28.9,2.5,1.3,11.2,32.0,3.3,2.7,6.1,.168,5.0,1.3,6.3,3.7,2024
455,346,Evan Mobley,PF,22,CLE,39,1204,19.7,.620,.085,.303,8.7,27.3,18.1,14.9,1.4,4.4,13.3,20.7,1.9,2.4,4.2,.169,0.4,2.2,2.6,1.4,2024
456,347,Isaiah Mobley,PF,24,CLE,6,51,6.2,.462,.538,.000,0.0,12.9,6.6,15.4,1.0,0.0,7.1,12.1,0.0,0.1,0.1,.049,-4.9,-1.0,-5.9,0.0,2024
457,348,Malik Monk,SG,25,SAC,69,1817,16.1,.569,.479,.232,1.6,11.1,6.3,28.8,1.1,1.9,13.3,25.9,2.0,1.5,3.4,.091,1.7,-1.0,0.7,1.2,2024
458,349,Moses Moody,SG,21,GSW,54,924,13.6,.564,.471,.206,6.5,12.3,9.4,5.8,1.9,2.2,8.8,18.6,0.7,1.0,1.7,.089,-0.5,0.2,-0.4,0.4,2024
459,350,Xavier Moon,SG,29,LAC,8,35,5.9,.427,.333,.167,6.8,9.4,8.1,19.3,1.4,2.6,23.7,21.2,-0.1,0.0,-0.1,-0.084,-6.6,-2.0,-8.6,-0.1,2024
460,351,Taze Moore,SG,25,POR,3,10,14.3,.600,.400,.000,0.0,0.0,0.0,19.4,4.9,0.0,16.7,25.6,0.0,0.0,0.0,.021,-4.6,1.7,-2.9,0.0,2024
461,352,Wendell Moore Jr.,SG,22,MIN,17,50,7.6,.500,.400,.000,0.0,12.9,6.8,5.3,4.9,1.8,23.1,11.5,-0.1,0.1,0.0,.044,-7.1,5.2,-2.0,0.0,2024
462,353,Ja Morant,PG,24,MEM,9,318,20.5,.570,.300,.376,2.0,15.7,8.6,42.6,1.1,1.5,12.0,30.5,0.5,0.3,0.8,.124,2.7,0.4,3.1,0.4,2024
463,354,Marcus Morris,PF,34,TOT,41,721,10.4,.558,.447,.179,2.9,16.4,9.5,6.2,1.0,1.5,8.6,16.6,0.3,0.7,1.0,.065,-2.2,-1.1,-3.3,-0.2,2024
464,354,Marcus Morris,PF,34,PHI,37,637,10.5,.559,.439,.176,3.1,16.1,9.5,5.7,1.0,1.6,7.9,16.2,0.3,0.6,0.9,.069,-2.3,-1.2,-3.5,-0.2,2024
465,354,Marcus Morris,PF,34,CLE,4,84,9.7,.551,.500,.200,1.4,18.3,10.0,10.1,0.6,1.1,13.3,19.7,0.0,0.1,0.1,.036,-1.5,-0.6,-2.0,0.0,2024
466,355,Markieff Morris,PF,34,DAL,20,168,6.9,.493,.615,.077,2.6,17.0,9.8,8.3,1.4,0.5,15.7,16.2,-0.2,0.1,0.0,-0.011,-3.9,-1.4,-5.3,-0.1,2024
467,356,Monte Morris,PG,28,TOT,22,324,12.7,.484,.416,.097,1.8,9.5,5.7,22.3,2.0,1.1,4.1,16.5,0.3,0.4,0.7,.105,-1.2,0.9,-0.3,0.1,2024
468,356,Monte Morris,PG,28,DET,6,68,8.4,.398,.333,.061,3.2,16.7,9.8,17.2,0.7,1.2,5.6,22.4,-0.1,0.0,-0.1,-0.064,-4.7,-2.3,-7.0,-0.1,2024
469,356,Monte Morris,PG,28,MIN,16,256,13.9,.518,.450,.113,1.4,7.6,4.6,23.7,2.3,1.0,3.4,15.0,0.4,0.4,0.8,.150,-0.3,1.8,1.5,0.2,2024
470,357,Trey Murphy III,SF,23,NOP,46,1274,15.8,.597,.720,.227,2.7,14.9,8.9,10.0,1.4,1.9,4.6,19.2,2.2,1.6,3.9,.145,2.2,-0.1,2.0,1.3,2024
471,358,Dejounte Murray,SG,27,ATL,67,2368,18.0,.564,.373,.191,2.2,14.4,8.1,26.4,1.9,0.8,11.1,26.1,3.1,1.4,4.5,.091,2.4,-0.6,1.8,2.3,2024
472,359,Jamal Murray,PG,26,DEN,54,1733,20.0,.578,.336,.191,2.5,11.5,7.1,31.1,1.5,1.6,10.4,27.5,3.3,1.9,5.1,.142,4.0,-0.5,3.5,2.4,2024
473,360,Keegan Murray,SF,23,SAC,65,2154,13.1,.574,.506,.137,4.4,14.2,9.2,6.7,1.5,2.0,6.4,17.7,2.0,2.1,4.2,.093,-0.7,-0.5,-1.2,0.4,2024
474,Rk,Player,Pos,Age,Tm,G,MP,PER,TS%,3PAr,FTr,ORB%,DRB%,TRB%,AST%,STL%,BLK%,TOV%,USG%,OWS,DWS,WS,WS/48,OBPM,DBPM,BPM,VORP,2024
475,361,Kris Murray,SF,23,POR,51,970,9.6,.498,.483,.157,5.9,12.7,9.1,9.1,2.2,1.4,12.3,14.0,-0.1,0.8,0.7,.034,-3.1,0.1,-3.0,-0.2,2024
476,362,Mike Muscala,C,32,TOT,44,533,7.8,.476,.639,.167,6.6,16.0,11.2,7.8,0.7,1.9,10.4,13.7,-0.1,0.2,0.1,.009,-3.6,-1.5,-5.1,-0.4,2024
477,362,Mike Muscala,C,32,WAS,24,338,7.6,.481,.567,.222,6.8,17.3,11.9,8.2,0.7,1.7,13.9,14.3,-0.2,0.1,-0.1,-0.007,-4.5,-1.8,-6.3,-0.4,2024
478,362,Mike Muscala,C,32,DET,13,171,8.8,.492,.773,.091,6.4,12.6,9.5,7.6,0.8,2.5,4.2,11.8,0.1,0.1,0.2,.049,-1.6,-0.5,-2.1,0.0,2024
479,362,Mike Muscala,C,32,OKC,7,24,3.9,.350,.700,.000,4.8,22.4,13.9,5.2,0.0,0.0,0.0,18.1,0.0,0.0,0.0,-0.048,-6.3,-4.1,-10.5,-0.1,2024
480,363,Svi Mykhailiuk,SF,26,BOS,32,283,8.7,.500,.821,.074,3.2,10.2,6.9,8.6,1.7,0.0,8.4,16.4,0.0,0.3,0.3,.056,-3.2,-0.4,-3.6,-0.1,2024
481,364,Larry Nance Jr.,C,31,NOP,52,1003,15.2,.676,.271,.276,8.7,20.5,14.7,11.2,2.4,1.8,16.0,11.1,1.8,1.7,3.5,.168,0.0,2.3,2.3,1.1,2024
482,365,Pete Nance,PF,23,CLE,3,7,-9.1,.000,.000,.000,0.0,15.6,8.0,0.0,0.0,0.0,0.0,12.6,0.0,0.0,0.0,-0.260,-13.2,-6.0,-19.2,0.0,2024
483,366,Andrew Nembhard,PG,24,IND,58,1419,11.4,.570,.313,.100,2.5,7.0,4.7,21.0,1.8,0.3,16.3,16.5,0.9,0.6,1.5,.052,-1.7,-0.7,-2.4,-0.1,2024
484,367,Aaron Nesmith,SF,24,IND,63,1731,13.1,.636,.527,.219,3.6,11.8,7.7,6.7,1.6,2.1,8.5,16.1,2.4,1.2,3.6,.099,-0.1,-0.1,-0.2,0.8,2024
485,368,Georges Niang,PF,30,CLE,71,1595,9.7,.577,.620,.103,1.5,15.9,8.8,7.8,0.7,0.9,10.1,17.5,0.3,1.9,2.2,.066,-2.7,-0.2,-2.8,-0.3,2024
486,369,Daishen Nix,PG,21,MIN,12,39,12.3,.506,.700,.200,0.0,2.8,1.5,7.9,5.1,0.0,8.4,26.9,-0.1,0.1,0.0,.018,-3.2,2.2,-1.0,0.0,2024
487,370,Zeke Nnaji,PF,23,DEN,53,522,12.4,.522,.154,.434,12.7,11.2,11.9,7.2,1.2,6.0,14.3,15.8,0.3,0.7,1.0,.091,-3.9,0.1,-3.8,-0.2,2024
488,371,Jaylen Nowell,SG,24,MEM,9,156,6.6,.453,.418,.055,2.0,8.0,4.9,15.8,0.9,0.0,8.2,17.0,-0.1,0.1,0.0,-0.007,-5.9,-1.5,-7.4,-0.2,2024
489,372,Markquis Nowell,SG,24,TOR,1,4,55.4,.532,.000,2.000,53.7,0.0,27.4,56.7,12.1,0.0,0.0,20.1,0.0,0.0,0.1,.671,29.0,14.4,43.5,0.0,2024
490,373,Frank Ntilikina,PG,25,CHO,5,43,0.0,.253,.889,.222,2.5,13.5,7.8,11.5,0.0,0.0,9.2,11.1,-0.1,0.0,-0.1,-0.096,-10.1,-3.4,-13.5,-0.1,2024
491,374,Jusuf Nurkić,C,29,PHO,67,1829,17.5,.565,.152,.406,13.0,31.4,22.7,18.9,1.7,3.3,18.5,19.5,1.8,3.2,5.0,.131,-1.0,1.6,0.6,1.2,2024
492,375,Jordan Nwora,SF,25,TOT,42,514,13.8,.567,.444,.179,3.8,17.9,10.8,11.4,1.9,1.3,12.7,22.7,0.0,0.4,0.5,.044,-1.4,-1.3,-2.7,-0.1,2024
493,375,Jordan Nwora,SF,25,IND,18,183,12.2,.541,.439,.134,4.9,15.5,10.2,12.7,1.5,0.4,12.1,22.6,0.0,0.1,0.1,.027,-1.9,-2.2,-4.1,-0.1,2024
494,375,Jordan Nwora,SF,25,TOR,24,331,14.6,.582,.447,.206,3.2,19.3,11.1,10.6,2.0,1.8,13.0,22.8,0.0,0.3,0.4,.053,-1.1,-0.9,-1.9,0.0,2024
495,376,Royce O'Neale,SF,30,TOT,68,1695,10.9,.545,.790,.066,3.4,17.9,10.6,15.3,1.4,2.1,12.0,14.1,1.0,1.8,2.8,.078,-1.1,1.0,-0.1,0.8,2024
496,376,Royce O'Neale,SF,30,BRK,49,1202,10.3,.544,.815,.068,3.4,17.2,10.1,15.3,1.3,2.2,13.2,13.9,0.5,1.2,1.7,.067,-1.5,0.8,-0.7,0.4,2024
497,376,Royce O'Neale,SF,30,PHO,19,493,12.5,.547,.735,.061,3.4,19.5,11.9,15.1,1.8,1.8,9.0,14.5,0.5,0.6,1.1,.105,-0.1,1.4,1.3,0.4,2024
498,377,Chuma Okeke,SF,25,ORL,42,413,7.3,.472,.738,.047,5.1,16.9,10.9,6.2,1.1,1.6,11.4,13.0,-0.2,0.5,0.3,.039,-2.9,-0.1,-3.0,-0.1,2024
499,378,Josh Okogie,SG,25,PHO,55,935,11.8,.545,.453,.498,9.2,8.8,9.0,8.4,2.4,2.1,12.2,12.9,0.9,1.0,1.9,.100,-1.5,0.8,-0.6,0.3,2024
500,379,Onyeka Okongwu,C,23,ATL,55,1405,16.8,.674,.189,.318,10.7,18.5,14.5,7.2,0.9,3.8,9.8,13.6,3.5,0.9,4.4,.152,0.0,-0.5,-0.4,0.5,2024
501,380,Isaac Okoro,SF,23,CLE,62,1711,11.5,.597,.445,.273,4.0,8.1,6.1,9.8,1.6,1.7,9.5,14.0,1.8,2.1,3.9,.110,-1.8,1.1,-0.7,0.5,2024
502,Rk,Player,Pos,Age,Tm,G,MP,PER,TS%,3PAr,FTr,ORB%,DRB%,TRB%,AST%,STL%,BLK%,TOV%,USG%,OWS,DWS,WS,WS/48,OBPM,DBPM,BPM,VORP,2024
503,381,Kelly Olynyk,C,32,TOT,69,1494,17.0,.652,.314,.352,6.8,18.8,12.8,27.2,2.1,1.5,20.6,17.2,2.9,1.2,4.1,.132,0.6,1.3,1.9,1.5,2024
504,381,Kelly Olynyk,C,32,UTA,50,1019,17.2,.677,.326,.368,6.9,20.4,13.7,29.2,1.7,1.0,21.3,15.6,2.4,0.7,3.1,.147,1.3,1.4,2.7,1.2,2024
505,381,Kelly Olynyk,C,32,TOR,19,475,16.4,.612,.296,.327,6.6,15.3,10.8,23.0,2.7,2.6,19.5,20.7,0.4,0.5,1.0,.098,-1.0,1.2,0.2,0.3,2024
506,382,Eugene Omoruyi,SF,26,WAS,36,283,16.5,.550,.233,.325,10.7,16.4,13.4,13.9,3.6,0.6,11.6,23.0,0.2,0.3,0.5,.079,-2.4,0.1,-2.3,0.0,2024
507,383,Cedi Osman,SF,28,SAS,67,1160,10.9,.590,.574,.142,2.1,13.6,7.7,12.9,1.3,0.8,10.5,15.2,0.7,0.7,1.4,.060,-2.0,-0.5,-2.5,-0.1,2024
508,384,Kelly Oubre Jr.,SF,28,PHI,58,1724,13.2,.532,.370,.262,5.1,12.7,8.8,7.1,1.9,1.9,7.7,22.0,0.5,1.9,2.3,.065,-1.5,-0.7,-2.3,-0.1,2024
509,385,Chris Paul,PG,38,GSW,46,1221,15.4,.554,.457,.130,1.6,14.5,8.0,34.3,2.1,0.2,11.7,15.2,2.6,1.2,3.8,.150,0.5,1.3,1.8,1.2,2024
510,386,Cameron Payne,PG,29,TOT,67,1096,13.0,.575,.545,.164,1.4,7.8,4.7,21.7,1.4,0.7,11.1,19.4,1.3,0.8,2.1,.091,-0.2,-0.7,-0.9,0.3,2024
511,386,Cameron Payne,PG,29,MIL,47,702,12.6,.603,.590,.198,0.8,8.7,4.8,20.5,1.5,0.4,11.4,16.7,1.1,0.5,1.6,.107,-0.9,-0.4,-1.4,0.1,2024
512,386,Cameron Payne,PG,29,PHI,20,394,13.8,.540,.492,.123,2.5,6.3,4.3,23.8,1.2,1.4,10.9,24.2,0.2,0.3,0.5,.061,1.0,-1.1,-0.1,0.2,2024
513,387,Gary Payton II,SG,31,GSW,35,531,13.4,.588,.312,.128,8.7,11.1,9.9,10.1,2.8,1.9,12.9,13.5,0.6,0.6,1.2,.112,-1.5,2.0,0.5,0.3,2024
514,388,Mãozinha Pereira,SF,23,MEM,2,19,-3.8,.200,.400,.000,0.0,17.9,8.7,0.0,2.6,0.0,16.7,13.6,-0.1,0.0,-0.1,-0.175,-13.7,-0.7,-14.4,-0.1,2024
515,389,Drew Peterson,PF,24,BOS,1,3,43.9,1.500,1.000,.000,0.0,0.0,0.0,58.3,0.0,0.0,0.0,14.5,0.0,0.0,0.0,.748,28.5,13.4,41.9,0.0,2024
516,390,Filip Petrušev,C,23,TOT,3,10,5.1,.521,.000,1.000,0.0,11.3,5.5,0.0,0.0,0.0,0.0,12.3,0.0,0.0,0.0,.026,-4.7,-3.3,-8.0,0.0,2024
517,390,Filip Petrušev,C,23,PHI,1,3,4.0,,,,0.0,37.7,18.4,0.0,0.0,0.0,,0.0,0.0,0.0,0.0,.058,-3.0,-1.9,-4.9,0.0,2024
518,390,Filip Petrušev,C,23,SAC,2,7,5.5,.521,.000,1.000,0.0,0.0,0.0,0.0,0.0,0.0,0.0,17.5,0.0,0.0,0.0,.012,-5.4,-3.9,-9.3,0.0,2024
519,391,Julian Phillips,SF,20,CHI,40,323,6.9,.521,.494,.247,4.1,8.5,6.2,5.3,1.1,2.2,10.5,13.0,0.0,0.2,0.2,.031,-4.8,-0.5,-5.3,-0.3,2024
520,392,Jalen Pickett,SG,24,DEN,21,108,7.2,.535,.733,.133,1.1,10.1,5.7,17.3,1.4,0.0,20.1,16.1,0.0,0.1,0.0,.021,-4.0,-1.1,-5.0,-0.1,2024
521,393,Scotty Pippen Jr.,PG,23,MEM,10,232,17.4,.619,.355,.408,4.6,11.7,8.0,33.0,2.9,2.0,19.0,20.6,0.3,0.3,0.7,.135,1.0,2.4,3.4,0.3,2024
522,394,Mason Plumlee,C,33,LAC,36,530,17.0,.659,.009,.739,10.7,28.4,19.9,10.3,1.0,2.2,15.1,14.9,1.2,0.7,1.8,.167,-0.3,0.3,0.0,0.3,2024
523,395,Brandin Podziemski,SG,20,GSW,62,1667,12.8,.535,.404,.147,6.3,16.5,11.4,18.6,1.6,0.7,12.6,15.6,1.6,1.6,3.2,.093,-0.7,0.4,-0.3,0.7,2024
524,396,Jakob Poeltl,C,28,TOR,50,1319,18.8,.653,.000,.283,11.9,24.0,17.8,13.9,1.3,5.0,15.3,16.3,2.3,1.6,3.9,.142,-0.4,1.1,0.7,0.9,2024
525,397,Aleksej Pokusevski,PF,22,TOT,17,194,9.6,.449,.481,.212,5.1,15.8,10.3,13.6,2.3,2.9,15.0,15.1,-0.2,0.2,0.1,.015,-3.5,0.5,-3.0,-0.1,2024
526,397,Aleksej Pokusevski,PF,22,OKC,10,60,2.5,.338,.688,.250,3.9,14.3,9.3,9.7,0.8,1.5,14.5,15.0,-0.1,0.1,-0.1,-0.064,-7.8,-2.3,-10.1,-0.1,2024
527,397,Aleksej Pokusevski,PF,22,CHO,7,134,12.8,.499,.389,.194,5.6,16.5,10.8,15.4,2.9,3.5,15.2,15.1,0.0,0.2,0.1,.050,-1.6,1.7,0.2,0.1,2024
528,398,Jordan Poole,SG,24,WAS,69,2023,11.4,.524,.468,.194,1.4,8.2,4.7,19.4,1.8,1.0,12.7,26.1,-1.6,0.7,-1.0,-0.023,-2.7,-1.9,-4.6,-1.4,2024
529,399,Craig Porter Jr.,PG,23,CLE,46,616,15.4,.563,.146,.251,3.9,14.9,9.5,26.5,1.6,1.9,15.3,20.5,0.5,0.9,1.4,.110,-0.8,1.1,0.4,0.4,2024
530,400,Jontay Porter,PF,24,TOR,26,360,14.9,.514,.577,.173,7.8,17.4,12.5,21.6,2.7,4.8,15.8,15.8,0.2,0.5,0.7,.094,-0.3,2.0,1.6,0.3,2024
531,Rk,Player,Pos,Age,Tm,G,MP,PER,TS%,3PAr,FTr,ORB%,DRB%,TRB%,AST%,STL%,BLK%,TOV%,USG%,OWS,DWS,WS,WS/48,OBPM,DBPM,BPM,VORP,2024
532,401,Michael Porter Jr.,SF,25,DEN,70,2228,15.9,.611,.519,.103,4.9,19.3,12.3,6.6,0.8,1.8,7.5,20.6,2.9,2.6,5.5,.119,1.5,-1.2,0.4,1.3,2024
533,402,Otto Porter Jr.,SF,30,TOR,15,174,8.7,.568,.697,.091,3.7,14.8,9.1,5.7,1.4,2.5,5.5,8.9,0.1,0.1,0.3,.075,-3.6,0.4,-3.2,-0.1,2024
534,403,Bobby Portis,PF,28,MIL,71,1725,16.8,.576,.274,.149,7.6,24.5,16.3,7.2,1.6,1.3,8.2,22.5,1.7,2.1,3.8,.106,-0.5,-1.0,-1.5,0.2,2024
535,404,Kristaps Porziņģis,C,28,BOS,49,1446,22.9,.648,.399,.410,6.3,18.4,12.6,9.6,1.1,5.3,9.0,25.4,4.2,2.5,6.7,.223,3.5,1.4,4.9,2.5,2024
536,405,Micah Potter,PF,25,UTA,8,87,11.4,.797,.667,.200,5.1,17.5,11.4,3.0,0.0,1.0,10.9,8.8,0.2,0.0,0.2,.098,0.4,-2.2,-1.8,0.0,2024
537,406,Dwight Powell,C,32,DAL,55,756,14.7,.734,.020,.857,12.2,15.0,13.6,12.5,1.5,2.2,17.7,9.3,2.1,0.7,2.8,.180,-0.8,0.8,0.0,0.4,2024
538,407,Norman Powell,SG,30,LAC,66,1712,14.2,.632,.505,.221,1.0,10.1,5.7,6.0,1.1,1.1,7.6,20.3,2.5,1.1,3.6,.100,0.6,-1.3,-0.7,0.6,2024
539,408,Jason Preston,PG,24,UTA,4,30,9.6,.333,.000,.000,11.1,14.5,12.8,28.8,1.6,0.0,25.0,11.1,0.0,0.0,0.0,.009,-2.6,-0.7,-3.3,0.0,2024
540,409,Joshua Primo,SG,21,LAC,2,10,-12.8,.333,.333,.000,11.8,0.0,5.7,0.0,0.0,9.0,57.1,30.7,-0.1,0.0,-0.1,-0.586,-16.8,-8.3,-25.1,-0.1,2024
541,410,Taurean Prince,PF,29,LAL,67,1878,8.8,.578,.637,.111,1.0,10.3,5.9,7.3,1.3,1.5,9.7,13.5,0.3,1.4,1.7,.044,-2.6,-0.1,-2.8,-0.4,2024
542,411,Payton Pritchard,PG,26,BOS,71,1528,14.1,.586,.644,.087,4.5,11.2,8.0,18.7,1.0,0.3,8.7,16.4,3.1,1.7,4.7,.149,0.8,-0.1,0.7,1.1,2024
543,412,Olivier-Maxence Prosper,PF,21,DAL,34,261,10.4,.467,.459,.459,7.6,18.5,13.0,9.1,0.9,1.0,5.3,15.4,0.1,0.2,0.3,.062,-2.5,-1.2,-3.7,-0.1,2024
544,413,Trevelin Queen,SG,26,ORL,13,163,8.3,.462,.447,.316,2.1,11.6,6.8,14.6,2.1,2.9,13.9,13.5,-0.1,0.3,0.2,.056,-4.7,1.4,-3.4,-0.1,2024
545,414,Neemias Queta,C,24,BOS,26,296,19.8,.636,.000,.289,17.5,21.3,19.5,6.5,1.8,4.5,9.7,15.2,0.8,0.6,1.4,.232,-0.7,0.8,0.1,0.2,2024
546,415,Immanuel Quickley,PG-SG,24,TOT,62,1793,16.0,.569,.481,.255,0.9,13.2,6.9,23.4,1.2,0.4,8.7,23.4,2.8,1.3,4.1,.110,1.7,-0.9,0.8,1.3,2024
547,415,Immanuel Quickley,SG,24,NYK,30,720,17.0,.598,.484,.281,0.8,11.2,5.9,16.1,1.1,0.4,7.6,24.3,1.6,0.7,2.3,.151,2.6,-0.2,2.4,0.8,2024
548,415,Immanuel Quickley,PG,24,TOR,32,1073,15.3,.549,.479,.237,1.0,14.5,7.6,28.2,1.2,0.5,9.5,22.7,1.3,0.6,1.9,.083,1.1,-1.4,-0.3,0.5,2024
549,416,Lester Quinones,SG,23,GSW,31,362,9.8,.531,.620,.223,5.9,14.5,10.2,11.1,0.8,0.5,10.7,17.2,0.2,0.3,0.4,.059,-2.4,-1.0,-3.4,-0.1,2024
550,417,Jahmi'us Ramsey,SG,22,TOR,7,121,10.6,.538,.537,.146,3.5,16.7,10.0,9.0,2.8,0.0,13.8,17.9,-0.1,0.1,0.1,.025,-4.0,-0.5,-4.5,-0.1,2024
551,418,Julius Randle,PF,29,NYK,46,1630,18.8,.569,.292,.361,6.7,22.2,14.4,23.1,0.8,0.7,14.1,29.8,1.9,2.0,3.9,.115,2.1,-0.2,1.9,1.6,2024
552,419,Duop Reath,C,27,POR,57,1023,15.7,.596,.501,.197,8.5,14.7,11.4,9.1,1.4,2.8,9.9,20.7,1.4,0.8,2.2,.105,0.2,-0.7,-0.5,0.4,2024
553,420,Austin Reaves,SG,25,LAL,71,2258,15.7,.622,.439,.304,2.4,11.7,7.3,23.7,1.2,0.6,14.3,20.4,3.5,1.6,5.1,.109,0.9,-0.6,0.4,1.4,2024
554,Rk,Player,Pos,Age,Tm,G,MP,PER,TS%,3PAr,FTr,ORB%,DRB%,TRB%,AST%,STL%,BLK%,TOV%,USG%,OWS,DWS,WS,WS/48,OBPM,DBPM,BPM,VORP,2024
555,421,Cam Reddish,SF,24,LAL,42,928,8.0,.515,.478,.241,2.9,8.0,5.6,6.3,2.4,1.1,11.1,13.0,-0.3,0.9,0.6,.030,-4.0,1.0,-3.0,-0.2,2024
556,422,Paul Reed,C,24,PHI,71,1358,17.2,.574,.127,.166,13.4,20.5,16.9,9.7,2.0,4.6,10.6,15.6,2.2,2.1,4.3,.151,-0.6,0.7,0.1,0.7,2024
557,423,Naz Reid,C,24,MIN,70,1655,16.2,.606,.486,.169,4.8,18.7,12.1,7.9,1.5,3.3,10.6,22.6,1.3,3.2,4.5,.130,0.8,1.1,1.9,1.6,2024
558,424,Jared Rhoden,SG,24,DET,8,72,11.6,.663,.429,.095,1.5,18.9,10.1,8.0,0.7,4.7,18.6,15.8,0.0,0.1,0.1,.048,-2.1,1.3,-0.9,0.0,2024
559,425,Nick Richards,C,26,CHO,60,1600,16.6,.710,.003,.490,10.8,24.8,17.5,4.5,0.7,4.1,14.0,13.1,3.3,1.4,4.7,.140,-1.8,-0.6,-2.4,-0.1,2024
560,426,Josh Richardson,SG,30,MIA,43,1103,11.4,.573,.548,.156,1.8,10.7,6.2,13.9,1.1,1.2,8.9,16.4,0.9,1.1,2.1,.089,-1.3,0.0,-1.4,0.2,2024
561,427,Duncan Robinson,SF,29,MIA,63,1796,12.8,.621,.691,.136,0.9,9.4,5.1,15.8,1.2,0.8,11.6,19.2,1.7,1.8,3.6,.095,-0.1,-0.4,-0.5,0.7,2024
562,428,Jerome Robinson,SG,26,GSW,17,65,6.2,.408,.560,.400,1.7,6.6,4.1,9.9,0.0,4.2,3.3,19.6,-0.1,0.0,0.0,-0.024,-4.5,-1.9,-6.4,-0.1,2024
563,429,Mitchell Robinson,C,25,NYK,21,613,16.2,.567,.000,.388,20.3,18.9,19.6,3.2,2.6,4.1,15.5,9.5,0.9,1.1,2.0,.159,-0.3,1.0,0.7,0.4,2024
564,430,Orlando Robinson,C,23,MIA,31,297,14.3,.596,.208,.347,10.1,21.6,15.8,16.3,1.2,2.6,17.0,15.0,0.4,0.4,0.8,.136,-1.7,0.8,-0.9,0.1,2024
565,431,Jeremiah Robinson-Earl,PF,23,NOP,32,303,13.1,.590,.388,.176,7.8,16.1,12.1,8.8,1.6,1.3,11.6,14.8,0.3,0.4,0.7,.119,-1.1,0.2,-0.9,0.1,2024
566,432,David Roddy,PF,22,TOT,61,1163,8.7,.486,.402,.168,4.8,15.0,9.7,10.3,1.1,0.9,11.6,18.2,-1.0,1.1,0.1,.004,-4.0,-1.0,-5.0,-0.9,2024
567,432,David Roddy,PF,22,MEM,48,1114,8.7,.485,.404,.174,4.9,15.2,9.8,10.5,1.1,0.9,11.5,18.2,-0.9,1.1,0.1,.005,-4.0,-1.0,-5.0,-0.8,2024
568,432,David Roddy,PF,22,PHO,13,49,8.7,.514,.368,.053,2.4,10.9,6.9,5.8,2.0,0.0,13.4,19.8,-0.1,0.0,0.0,-0.016,-4.5,-1.0,-5.4,0.0,2024
569,433,Ryan Rollins,PG,21,WAS,10,66,22.6,.631,.120,.680,3.2,15.0,8.9,23.9,5.7,3.7,17.7,25.1,0.1,0.1,0.2,.143,0.5,4.4,4.9,0.1,2024
570,434,Derrick Rose,PG,35,MEM,24,399,13.1,.540,.248,.164,1.9,10.8,6.2,32.6,1.0,0.5,14.9,22.5,0.1,0.3,0.4,.047,-1.4,-1.4,-2.8,-0.1,2024
571,435,Terry Rozier,SG-PG,29,TOT,54,1831,17.0,.548,.397,.210,2.0,12.1,6.9,28.6,1.4,0.9,9.1,25.8,1.9,1.3,3.2,.084,1.9,-0.8,1.0,1.4,2024
572,435,Terry Rozier,SG,29,CHO,30,1065,19.2,.574,.423,.235,1.7,10.9,6.1,31.2,1.5,1.0,9.7,27.6,1.6,0.5,2.1,.093,3.7,-1.4,2.2,1.1,2024
573,435,Terry Rozier,PG,29,MIA,24,766,13.9,.505,.356,.169,2.5,13.8,8.0,24.9,1.4,0.8,8.0,23.3,0.3,0.9,1.1,.071,-0.6,0.0,-0.6,0.3,2024
574,436,Rayan Rupert,SG,19,POR,28,285,8.1,.497,.421,.224,5.3,13.5,9.1,14.7,0.9,0.3,15.2,14.7,0.0,0.1,0.1,.018,-3.8,-1.9,-5.7,-0.3,2024
575,437,D'Angelo Russell,PG,27,LAL,65,2088,16.5,.594,.484,.177,1.5,8.6,5.2,28.2,1.3,1.3,11.6,23.1,3.0,1.4,4.4,.102,2.0,-0.9,1.1,1.7,2024
576,438,Matt Ryan,SF,26,NOP,22,363,10.1,.660,.807,.128,1.9,9.9,6.0,6.2,0.8,0.3,13.5,15.9,0.3,0.3,0.6,.084,-0.5,-1.1,-1.6,0.0,2024
577,439,Domantas Sabonis,C,27,SAC,70,2516,23.7,.651,.082,.373,10.8,32.6,21.5,33.8,1.2,1.4,17.6,22.1,7.9,3.3,11.1,.213,4.4,2.3,6.7,5.5,2024
578,440,Luka Šamanić,PF,24,UTA,34,241,8.4,.482,.421,.284,5.5,23.5,14.6,5.1,0.4,2.2,12.3,21.1,-0.2,0.1,-0.1,-0.023,-5.1,-2.7,-7.8,-0.4,2024
579,Rk,Player,Pos,Age,Tm,G,MP,PER,TS%,3PAr,FTr,ORB%,DRB%,TRB%,AST%,STL%,BLK%,TOV%,USG%,OWS,DWS,WS,WS/48,OBPM,DBPM,BPM,VORP,2024
580,441,Jermaine Samuels,SF,25,HOU,11,53,15.2,.758,.182,.182,4.0,18.1,11.1,5.3,0.9,1.7,0.0,9.5,0.1,0.1,0.2,.192,-0.1,1.2,1.1,0.0,2024
581,442,Adama Sanogo,PF,21,CHI,4,12,39.1,.940,.000,.750,27.4,38.2,32.7,0.0,0.0,0.0,15.8,23.1,0.1,0.0,0.1,.332,12.3,0.8,13.2,0.0,2024
582,443,Gui Santos,PF,21,GSW,18,151,14.6,.633,.475,.375,10.7,20.6,15.6,9.4,1.0,1.2,13.1,14.8,0.3,0.1,0.5,.148,-0.6,-0.3,-0.9,0.0,2024
583,444,Dario Šarić,C,29,GSW,62,1080,15.1,.599,.509,.234,7.1,20.4,13.8,17.8,1.3,0.8,15.0,19.1,1.5,1.1,2.7,.119,0.6,0.4,1.0,0.8,2024
584,445,Olivier Sarr,C,24,OKC,14,95,15.2,.664,.316,.789,12.2,28.3,20.5,2.6,0.0,6.8,10.5,13.0,0.2,0.2,0.4,.189,-2.6,0.0,-2.6,0.0,2024
585,446,Marcus Sasser,PG,23,DET,62,1069,12.0,.554,.469,.110,0.8,10.4,5.5,25.9,1.6,0.7,14.6,19.0,0.5,0.5,1.0,.044,-1.3,-0.8,-2.1,0.0,2024
586,447,Admiral Schofield,PF,26,ORL,20,71,3.9,.437,.591,.091,3.3,18.3,10.7,9.7,0.7,0.0,14.9,16.5,-0.1,0.1,0.0,-0.026,-5.8,-1.1,-6.9,-0.1,2024
587,448,Dennis Schröder,PG,30,TOT,71,2186,12.9,.551,.397,.233,1.4,8.6,4.9,27.4,1.3,0.6,13.5,20.0,1.7,1.0,2.7,.060,-0.8,-1.3,-2.1,-0.1,2024
588,448,Dennis Schröder,PG,30,TOR,51,1559,13.9,.559,.394,.267,1.5,8.5,4.9,27.8,1.4,0.4,11.7,19.4,2.0,0.7,2.6,.081,-0.6,-1.2,-1.8,0.1,2024
589,448,Dennis Schröder,PG,30,BRK,20,627,10.6,.531,.405,.157,1.2,9.0,5.0,26.6,0.9,1.0,17.5,21.6,-0.2,0.3,0.1,.007,-1.4,-1.7,-3.1,-0.2,2024
590,449,Dereon Seabron,SG,23,NOP,6,55,9.2,.448,.154,.462,2.1,11.9,7.1,11.1,1.8,1.8,0.0,12.3,0.0,0.1,0.1,.091,-2.6,1.4,-1.3,0.0,2024
591,450,Alperen Sengun,C,21,HOU,63,2046,22.0,.585,.113,.358,9.5,21.2,15.4,25.1,1.8,2.1,12.5,27.0,3.8,3.3,7.1,.166,3.1,1.8,4.9,3.5,2024
592,451,Brice Sensabaugh,SF,20,UTA,21,331,6.6,.477,.504,.168,3.0,16.5,9.8,12.7,0.9,0.5,18.0,19.6,-0.5,0.1,-0.4,-0.058,-4.8,-2.5,-7.4,-0.5,2024
593,452,Collin Sexton,SG,25,UTA,71,1855,20.3,.613,.316,.357,3.8,7.2,5.5,29.3,1.5,0.7,11.8,27.3,4.9,0.4,5.3,.137,3.9,-1.8,2.2,1.9,2024
594,453,Landry Shamet,SG,26,WAS,46,726,10.5,.556,.573,.168,2.3,7.0,4.6,10.2,1.6,1.1,9.3,18.8,0.1,0.2,0.3,.019,-2.7,-1.4,-4.1,-0.4,2024
595,454,Day'Ron Sharpe,C,22,BRK,53,826,20.8,.605,.046,.447,18.4,28.1,23.1,14.6,1.4,4.4,15.6,19.4,1.6,1.2,2.9,.166,0.2,0.6,0.8,0.6,2024
596,455,Shaedon Sharpe,SG,20,POR,32,1059,11.4,.524,.415,.274,4.2,13.4,8.6,13.7,1.3,1.0,12.9,22.5,-0.2,0.6,0.5,.021,-1.9,-0.9,-2.8,-0.2,2024
597,456,Ben Sheppard,SG,22,IND,47,613,8.7,.546,.680,.122,1.8,10.7,6.3,7.6,1.8,0.3,5.2,13.0,0.4,0.3,0.7,.057,-3.1,0.0,-3.2,-0.2,2024
598,457,Pascal Siakam,PF,29,TOT,70,2361,19.6,.601,.205,.310,5.5,17.9,11.6,20.1,1.2,0.8,9.1,25.1,4.6,1.5,6.1,.124,2.6,-0.5,2.1,2.5,2024
599,457,Pascal Siakam,PF,29,TOR,39,1354,18.7,.600,.233,.358,4.3,15.9,10.0,21.9,1.1,0.6,10.3,25.4,2.3,0.8,3.1,.111,2.1,-0.8,1.4,1.2,2024
600,457,Pascal Siakam,PF,29,IND,31,1007,20.7,.602,.170,.251,7.2,20.6,13.9,17.8,1.3,0.9,7.4,24.7,2.3,0.7,3.0,.143,3.3,-0.1,3.2,1.3,2024
601,458,Ben Simmons,PG,27,BRK,15,359,16.2,.571,.000,.203,9.2,27.7,18.1,32.9,1.7,2.3,25.1,13.0,0.5,0.5,1.0,.131,-0.5,3.0,2.5,0.4,2024
602,459,Anfernee Simons,SG,24,POR,46,1582,15.9,.568,.484,.213,1.5,11.0,6.0,27.4,0.7,0.3,12.1,28.1,1.7,0.5,2.2,.067,2.7,-2.5,0.2,0.8,2024
603,460,Jericho Sims,C,25,NYK,41,548,11.2,.720,.000,.377,10.7,17.9,14.3,5.6,0.7,2.9,20.6,6.1,0.8,0.7,1.5,.131,-2.4,0.9,-1.6,0.1,2024
604,Rk,Player,Pos,Age,Tm,G,MP,PER,TS%,3PAr,FTr,ORB%,DRB%,TRB%,AST%,STL%,BLK%,TOV%,USG%,OWS,DWS,WS,WS/48,OBPM,DBPM,BPM,VORP,2024
605,461,Dmytro Skapintsev,C,25,NYK,2,2,-19.3,.000,.000,.000,0.0,0.0,0.0,0.0,0.0,0.0,0.0,21.5,0.0,0.0,0.0,-0.477,-16.2,-9.8,-26.0,0.0,2024
606,462,Jalen Slawson,SF,24,SAC,7,29,7.0,.600,.400,.000,3.8,23.8,13.6,8.6,1.7,3.1,28.6,10.3,0.0,0.0,0.0,.042,-7.4,1.6,-5.8,0.0,2024
607,463,Javonte Smart,PG,24,PHI,1,1,0.0,,,,0.0,0.0,0.0,0.0,0.0,0.0,,0.0,0.0,0.0,0.0,.002,-6.2,-2.2,-8.3,0.0,2024
608,464,Marcus Smart,PG,29,MEM,20,605,11.8,.552,.565,.236,1.1,8.8,4.8,22.9,3.3,0.8,19.2,23.1,-0.5,0.8,0.3,.020,-3.4,1.0,-2.4,-0.1,2024
609,465,Dennis Smith Jr.,PG,26,BRK,55,1055,13.3,.508,.321,.173,5.0,12.2,8.5,27.1,3.2,1.0,15.8,17.6,0.4,1.3,1.7,.078,-2.5,1.8,-0.7,0.3,2024
610,466,Dru Smith,SG,26,MIA,9,131,12.8,.576,.515,.061,5.1,7.0,6.0,15.1,3.4,2.2,12.9,13.2,0.1,0.2,0.3,.121,-1.9,3.2,1.3,0.1,2024
611,467,Ish Smith,PG,35,CHO,43,741,6.8,.435,.051,.025,1.6,10.2,5.7,26.3,1.1,0.5,22.7,12.2,-0.6,0.2,-0.3,-0.023,-5.7,-1.3,-7.0,-0.9,2024
612,468,Jabari Smith Jr.,PF,20,HOU,65,2048,13.6,.566,.442,.217,6.6,22.1,14.3,6.5,1.1,2.2,9.4,17.5,1.7,3.0,4.7,.110,-0.9,0.3,-0.6,0.8,2024
613,469,Jalen Smith,C,23,IND,51,899,20.5,.700,.384,.272,11.0,24.6,17.8,8.0,0.6,2.7,9.3,19.0,2.7,0.7,3.4,.180,3.3,-0.8,2.6,1.0,2024
614,470,Nick Smith Jr.,SG,19,CHO,44,638,7.6,.511,.514,.053,2.9,7.8,5.2,11.9,0.6,1.0,12.3,19.5,-0.5,0.1,-0.4,-0.033,-3.4,-2.7,-6.0,-0.6,2024
615,471,Terquavion Smith,PG,21,PHI,12,69,18.2,.557,.775,.075,0.0,3.3,1.6,23.1,5.0,0.0,8.8,28.3,0.0,0.1,0.1,.100,3.4,0.8,4.2,0.1,2024
616,472,Jeremy Sochan,PF,20,SAS,71,2105,11.1,.510,.289,.186,6.7,16.6,11.5,16.2,1.3,1.5,14.6,18.7,-0.7,1.5,0.9,.020,-3.0,-0.8,-3.8,-0.9,2024
617,473,Pat Spencer,PG,27,GSW,3,6,21.2,1.000,.000,.000,0.0,0.0,0.0,45.4,0.0,0.0,0.0,7.0,0.0,0.0,0.0,.295,5.4,-0.7,4.7,0.0,2024
618,474,Jaden Springer,SG-PG,21,TOT,44,440,9.8,.467,.321,.269,8.2,8.9,8.5,12.1,3.0,2.7,16.7,17.6,-0.3,0.6,0.3,.030,-5.0,0.7,-4.2,-0.2,2024
619,474,Jaden Springer,SG,21,PHI,32,377,10.6,.481,.314,.288,7.2,9.9,8.5,12.6,3.3,2.7,16.4,18.2,-0.3,0.5,0.3,.034,-4.5,1.0,-3.5,-0.1,2024
620,474,Jaden Springer,PG,21,BOS,12,63,5.4,.355,.375,.125,14.3,3.3,8.6,9.6,1.6,2.8,19.2,14.4,-0.1,0.1,0.0,.003,-8.0,-0.7,-8.7,-0.1,2024
621,475,Lamar Stevens,PF,26,TOT,31,382,14.0,.536,.156,.219,7.4,18.5,12.8,6.5,1.7,3.8,11.6,22.4,-0.1,0.6,0.5,.057,-2.8,-0.1,-2.9,-0.1,2024
622,475,Lamar Stevens,PF,26,BOS,19,122,14.4,.532,.178,.244,11.1,16.1,13.7,8.9,2.4,3.6,15.3,20.9,0.0,0.2,0.2,.095,-2.9,0.9,-2.0,0.0,2024
623,475,Lamar Stevens,PF,26,MEM,12,260,13.8,.538,.148,.209,5.7,19.6,12.4,5.3,1.3,3.9,10.0,23.1,-0.1,0.4,0.2,.039,-2.7,-0.6,-3.3,-0.1,2024
624,476,Isaiah Stewart,PF,22,DET,46,1423,11.2,.600,.458,.223,5.7,18.4,12.0,7.0,0.6,2.3,13.6,14.5,0.9,0.8,1.6,.054,-1.6,-0.7,-2.2,-0.1,2024
625,477,Julian Strawther,SF,21,DEN,41,497,8.9,.488,.625,.125,0.9,10.5,5.8,11.1,1.7,1.2,7.5,20.0,-0.2,0.5,0.3,.028,-4.2,-1.0,-5.2,-0.4,2024
626,478,Max Strus,SF,27,CLE,60,1932,11.2,.544,.663,.124,3.1,13.1,8.2,16.4,1.4,1.3,11.9,17.4,0.8,2.5,3.3,.081,-1.4,0.7,-0.7,0.6,2024
627,479,Jalen Suggs,SG,22,ORL,64,1712,13.6,.596,.549,.200,2.9,11.2,7.0,14.5,2.6,2.0,15.1,20.1,0.9,2.8,3.6,.101,-1.0,1.5,0.5,1.1,2024
628,480,Cole Swider,SF,24,MIA,13,81,9.7,.585,.771,.057,1.4,8.5,4.9,7.7,0.6,1.2,16.3,23.6,-0.1,0.1,0.0,-0.015,-0.1,-2.1,-2.2,0.0,2024
629,Rk,Player,Pos,Age,Tm,G,MP,PER,TS%,3PAr,FTr,ORB%,DRB%,TRB%,AST%,STL%,BLK%,TOV%,USG%,OWS,DWS,WS,WS/48,OBPM,DBPM,BPM,VORP,2024
630,481,Jae'Sean Tate,SF,28,HOU,60,988,9.4,.540,.342,.169,6.0,14.3,10.2,8.2,2.0,1.3,12.0,11.5,0.5,1.4,1.8,.090,-3.7,1.6,-2.1,0.0,2024
631,482,Jayson Tatum,PF,25,BOS,66,2360,22.5,.606,.431,.348,2.7,21.1,12.3,21.2,1.4,1.5,10.3,30.3,5.7,3.8,9.5,.193,4.6,0.7,5.3,4.3,2024
632,483,Terry Taylor,PF,24,CHI,28,175,9.4,.548,.243,.081,9.4,13.1,11.2,6.9,1.1,1.2,15.4,11.4,0.1,0.1,0.2,.056,-3.6,-0.2,-3.8,-0.1,2024
633,484,Garrett Temple,SG,37,TOR,18,98,12.7,.596,.520,.320,5.5,14.9,10.1,13.3,2.5,0.9,14.9,14.6,0.1,0.1,0.2,.093,-1.9,0.1,-1.8,0.0,2024
634,485,Dalen Terry,SG,21,CHI,48,502,10.3,.508,.500,.293,4.6,15.1,9.7,16.5,2.1,1.8,14.9,13.5,0.1,0.5,0.7,.063,-3.4,1.2,-2.2,0.0,2024
635,486,Daniel Theis,C,31,TOT,55,915,14.0,.589,.227,.177,10.0,16.3,13.3,8.6,1.0,4.5,11.7,15.2,1.2,1.0,2.2,.115,-1.8,0.1,-1.7,0.1,2024
636,486,Daniel Theis,C,31,IND,1,8,-6.8,.250,.250,.000,0.0,0.0,0.0,0.0,0.0,0.0,0.0,20.9,0.0,0.0,0.0,-0.262,-13.2,-7.3,-20.5,0.0,2024
637,486,Daniel Theis,C,31,LAC,54,907,14.2,.594,.227,.180,10.1,16.5,13.4,8.7,1.0,4.5,11.8,15.2,1.2,1.0,2.2,.118,-1.7,0.2,-1.6,0.1,2024
638,487,Cam Thomas,SG,22,BRK,56,1711,15.5,.549,.326,.269,1.5,10.3,5.7,15.5,1.2,0.6,8.7,30.3,0.6,1.0,1.6,.046,0.2,-1.9,-1.7,0.1,2024
639,488,Isaiah Thomas,PG,34,PHO,1,2,-4.1,.000,.000,.000,0.0,0.0,0.0,56.4,0.0,0.0,0.0,21.6,0.0,0.0,0.0,-0.295,-9.8,-7.9,-17.7,0.0,2024
640,489,Amen Thompson,SF,21,HOU,51,1050,17.3,.570,.156,.339,10.2,20.8,15.5,16.3,2.8,2.8,15.6,18.7,1.0,2.0,3.0,.137,-0.9,2.4,1.5,0.9,2024
641,490,Ausar Thompson,SF,21,DET,63,1583,12.8,.522,.235,.248,8.9,19.6,14.2,10.6,2.1,3.2,13.6,16.5,0.1,1.6,1.7,.052,-2.8,0.7,-2.1,0.0,2024
642,491,Klay Thompson,SF,33,GSW,67,1982,13.1,.565,.609,.125,1.7,10.4,6.1,10.9,1.0,1.4,8.8,23.7,1.2,1.4,2.6,.062,0.5,-1.6,-1.0,0.5,2024
643,492,Tristan Thompson,C,32,CLE,41,510,14.6,.597,.009,.449,15.3,20.2,17.8,12.4,1.1,2.5,17.4,13.4,0.7,0.8,1.5,.139,-1.7,0.9,-0.8,0.2,2024
644,493,JT Thor,PF,21,CHO,52,645,7.1,.457,.444,.085,6.5,14.2,10.2,4.2,0.6,3.0,7.6,11.7,-0.2,0.3,0.1,.005,-4.5,-1.3,-5.8,-0.6,2024
645,494,Matisse Thybulle,SF,26,POR,64,1480,10.5,.540,.727,.092,2.2,8.5,5.2,8.1,3.8,3.0,10.9,10.6,0.4,1.8,2.2,.072,-2.8,3.4,0.6,1.0,2024
646,495,Xavier Tillman Sr.,C-PF,25,TOT,45,871,11.7,.457,.279,.193,8.1,16.2,12.1,11.2,2.6,4.2,10.8,14.7,-0.3,1.5,1.1,.063,-3.5,2.0,-1.6,0.1,2024
647,495,Xavier Tillman Sr.,C,25,MEM,34,700,11.8,.440,.249,.202,8.5,16.3,12.3,12.2,2.9,4.6,11.1,16.1,-0.5,1.2,0.7,.045,-3.8,2.2,-1.6,0.1,2024
648,495,Xavier Tillman Sr.,PF,25,BOS,11,171,11.4,.580,.484,.129,6.6,15.7,11.3,7.2,1.4,2.6,8.4,9.1,0.2,0.3,0.5,.135,-2.4,1.1,-1.3,0.0,2024
649,496,Jacob Toppin,SF,23,NYK,9,38,14.3,.658,.444,.222,8.8,11.7,10.2,11.0,0.0,2.5,9.2,12.3,0.1,0.0,0.1,.163,0.5,-1.2,-0.7,0.0,2024
650,497,Obi Toppin,PF,25,IND,72,1548,15.4,.666,.438,.178,5.4,15.1,10.2,8.7,1.1,1.8,9.9,16.4,2.9,0.9,3.8,.118,1.2,-0.6,0.5,1.0,2024
651,498,Juan Toscano-Anderson,SF,30,SAC,11,53,2.5,.292,.333,.000,8.3,21.7,14.9,8.9,0.9,1.7,14.3,11.3,-0.1,0.1,0.0,-0.026,-8.8,-0.7,-9.5,-0.1,2024
652,499,Karl-Anthony Towns,PF,28,MIN,60,1969,19.2,.628,.340,.307,5.5,22.6,14.5,14.8,1.1,1.8,13.8,27.5,2.8,3.6,6.4,.156,1.8,1.0,2.8,2.4,2024
653,500,Gary Trent Jr.,SG,25,TOR,63,1743,11.6,.549,.551,.110,1.4,8.9,5.1,7.7,1.8,0.5,4.9,19.3,0.6,0.9,1.6,.043,-1.4,-1.2,-2.6,-0.3,2024
654,Rk,Player,Pos,Age,Tm,G,MP,PER,TS%,3PAr,FTr,ORB%,DRB%,TRB%,AST%,STL%,BLK%,TOV%,USG%,OWS,DWS,WS,WS/48,OBPM,DBPM,BPM,VORP,2024
655,501,Oscar Tshiebwe,PF,24,IND,8,42,24.7,.553,.000,.400,21.5,21.6,21.5,6.5,2.2,1.9,0.0,23.4,0.1,0.0,0.2,.217,4.4,-2.2,2.2,0.0,2024
656,502,P.J. Tucker,PF,38,TOT,23,374,6.0,.509,.730,.081,7.3,13.6,10.4,3.8,1.6,1.7,15.4,5.3,0.2,0.4,0.5,.069,-3.8,0.5,-3.3,-0.1,2024
657,502,P.J. Tucker,PF,38,PHI,3,66,4.7,.600,1.000,.000,1.6,22.3,11.7,0.0,2.2,2.8,28.6,4.6,0.0,0.1,0.1,.050,-5.2,1.2,-4.0,0.0,2024
658,502,P.J. Tucker,PF,38,LAC,20,308,6.3,.495,.688,.094,8.5,11.8,10.2,4.6,1.4,1.5,13.0,5.5,0.2,0.3,0.5,.073,-3.5,0.3,-3.2,-0.1,2024
659,503,Myles Turner,C,27,IND,68,1857,18.8,.619,.345,.350,6.4,22.5,14.4,6.4,0.9,5.4,9.5,23.2,2.9,1.9,4.8,.125,0.6,-0.2,0.4,1.1,2024
660,504,Hunter Tyson,PF,23,DEN,11,32,-1.3,.364,.818,.000,3.6,27.1,15.7,3.8,0.0,0.0,15.4,17.7,-0.1,0.0,-0.1,-0.101,-10.7,-3.3,-14.0,-0.1,2024
661,505,Stanley Umude,SG,24,DET,24,307,11.3,.647,.631,.381,2.9,15.9,9.3,4.9,1.2,1.9,12.5,15.5,0.3,0.2,0.5,.083,-1.5,-0.1,-1.6,0.0,2024
662,506,Jonas Valančiūnas,C,31,NOP,71,1724,20.0,.626,.167,.279,11.3,30.3,21.0,12.7,0.8,3.8,11.8,20.3,3.8,3.0,6.8,.188,0.9,0.6,1.6,1.6,2024
663,507,Jarred Vanderbilt,PF,24,LAL,29,581,11.6,.578,.237,.316,8.3,17.7,13.2,7.7,3.0,0.7,17.7,11.8,0.3,0.8,1.0,.086,-3.0,1.3,-1.7,0.0,2024
664,508,Fred VanVleet,PG,29,HOU,63,2308,16.5,.571,.588,.224,1.2,9.8,5.5,31.6,1.6,2.1,10.7,19.2,4.5,2.8,7.3,.151,2.6,0.8,3.4,3.2,2024
665,509,Devin Vassell,SG,23,SAS,65,2129,15.6,.578,.423,.197,1.4,11.6,6.4,18.6,1.5,0.9,8.7,23.3,1.9,1.3,3.1,.071,0.9,-1.1,-0.2,1.0,2024
666,510,Sasha Vezenkov,PF,28,SAC,35,440,13.6,.574,.606,.079,7.5,14.6,11.0,4.6,1.8,1.4,6.1,17.6,0.4,0.4,0.9,.097,0.0,-1.0,-1.1,0.1,2024
667,511,Gabe Vincent,PG,27,LAL,5,127,6.0,.411,.531,.063,1.8,2.5,2.2,14.6,2.3,0.0,5.7,11.9,-0.1,0.1,0.0,.009,-5.5,1.4,-4.1,-0.1,2024
668,512,Nikola Vučević,C,33,CHI,66,2276,17.4,.536,.258,.099,8.9,25.8,17.1,15.3,1.0,2.3,8.7,23.6,1.9,2.5,4.4,.093,0.5,-0.7,-0.2,1.0,2024
669,513,Tristan Vukcevic,C,20,WAS,1,3,3.9,,,,0.0,36.7,17.9,0.0,0.0,0.0,,0.0,0.0,0.0,0.0,.030,-5.2,-2.7,-7.9,0.0,2024
670,514,Dean Wade,PF,27,CLE,54,1108,10.2,.598,.871,.112,3.8,17.9,11.0,5.0,1.8,2.0,7.6,10.5,0.9,1.8,2.7,.116,-1.8,2.0,0.2,0.6,2024
671,515,Franz Wagner,SF,22,ORL,63,2060,17.3,.573,.309,.278,3.4,16.0,9.6,19.3,1.6,1.1,10.5,25.8,2.5,2.9,5.4,.126,0.8,0.3,1.2,1.6,2024
672,516,Moritz Wagner,C,26,ORL,69,1237,20.5,.675,.210,.388,9.5,19.6,14.5,10.9,1.3,1.5,12.9,22.7,3.1,1.8,4.9,.189,1.6,0.3,1.9,1.2,2024
673,517,Ish Wainright,SF,29,TOT,10,61,9.1,.462,.833,.083,5.9,21.2,13.0,2.0,3.2,1.5,7.4,18.9,-0.1,0.1,0.0,.029,-2.9,0.6,-2.3,0.0,2024
674,517,Ish Wainright,SF,29,POR,7,46,10.2,.530,.889,.111,0.0,23.5,11.1,0.0,2.1,2.0,5.0,18.4,0.0,0.1,0.1,.053,-1.2,0.6,-0.7,0.0,2024
675,517,Ish Wainright,SF,29,PHO,3,15,5.6,.250,.667,.000,24.0,14.2,18.8,8.1,6.5,0.0,14.3,20.2,0.0,0.0,0.0,-0.045,-7.9,0.5,-7.3,0.0,2024
676,518,Jabari Walker,SF,21,POR,62,1387,13.6,.563,.277,.333,9.5,24.2,16.5,6.1,1.4,1.4,10.9,16.4,1.3,1.4,2.6,.091,-2.2,-0.8,-3.0,-0.3,2024
677,519,Jarace Walker,PF,20,IND,27,273,11.4,.500,.510,.094,4.5,16.6,10.6,12.2,2.2,3.2,11.5,17.3,0.0,0.3,0.2,.043,-1.3,0.6,-0.6,0.1,2024
678,520,Lonnie Walker IV,SG,25,BRK,50,874,13.8,.565,.555,.124,1.2,12.3,6.6,11.4,1.6,1.5,9.2,24.6,0.1,0.7,0.9,.047,0.0,-1.0,-1.0,0.2,2024
679,Rk,Player,Pos,Age,Tm,G,MP,PER,TS%,3PAr,FTr,ORB%,DRB%,TRB%,AST%,STL%,BLK%,TOV%,USG%,OWS,DWS,WS,WS/48,OBPM,DBPM,BPM,VORP,2024
680,521,Cason Wallace,SG,20,OKC,70,1443,11.9,.617,.551,.089,3.8,8.4,6.2,8.5,2.0,2.0,8.5,12.7,1.8,1.7,3.5,.115,-0.9,0.8,-0.1,0.7,2024
681,522,Jordan Walsh,SF,19,BOS,6,40,8.3,.375,.500,.000,8.4,25.9,17.5,12.0,2.5,2.2,20.0,10.9,0.0,0.1,0.1,.069,-6.6,3.4,-3.2,0.0,2024
682,523,T.J. Warren,SF,30,MIN,7,98,6.3,.416,.324,.059,6.1,12.1,9.3,9.9,1.5,0.9,10.3,17.5,-0.1,0.2,0.0,.006,-6.4,-0.3,-6.7,-0.1,2024
683,524,P.J. Washington,PF,25,TOT,62,1859,11.7,.530,.497,.180,4.2,16.1,10.0,9.5,1.5,2.4,10.3,19.3,-0.3,1.4,1.1,.029,-2.2,-0.8,-3.0,-0.5,2024
684,524,P.J. Washington,PF,25,CHO,44,1286,12.9,.545,.479,.185,4.4,16.2,10.1,11.5,1.5,2.3,10.7,21.0,0.0,0.9,0.9,.032,-1.8,-1.1,-2.9,-0.3,2024
685,524,P.J. Washington,PF,25,DAL,18,573,8.9,.487,.549,.166,3.8,15.9,9.9,5.1,1.5,2.6,9.2,15.4,-0.3,0.6,0.3,.022,-3.2,0.0,-3.3,-0.2,2024
686,525,TyTy Washington Jr.,PG,22,MIL,5,21,-3.2,.214,.429,.000,0.0,5.1,2.6,5.6,4.6,0.0,22.2,18.4,-0.1,0.0,-0.1,-0.242,-12.3,-0.7,-13.1,-0.1,2024
687,526,Yuta Watanabe,SF,29,TOT,34,464,4.7,.474,.733,.147,2.8,10.0,6.5,4.2,1.3,1.3,13.3,13.3,-0.5,0.4,-0.1,-0.011,-5.3,-1.1,-6.5,-0.5,2024
688,526,Yuta Watanabe,SF,29,PHO,29,382,5.4,.502,.773,.155,3.5,9.5,6.6,3.3,1.1,1.6,13.4,13.5,-0.3,0.3,0.0,.003,-4.6,-1.4,-6.0,-0.4,2024
689,526,Yuta Watanabe,SF,29,MEM,5,82,1.5,.327,.526,.105,0.0,12.4,6.0,8.5,1.8,0.0,13.1,12.0,-0.2,0.1,-0.1,-0.072,-8.6,0.0,-8.6,-0.1,2024
690,527,Lindy Waters III,SG,26,OKC,31,199,11.2,.590,.870,.014,2.3,14.0,8.4,10.3,0.5,2.3,8.0,16.4,0.2,0.2,0.4,.094,-0.1,-1.0,-1.1,0.0,2024
691,528,Trendon Watford,PF,23,BRK,52,577,16.6,.607,.202,.277,7.7,17.5,12.4,15.1,1.5,2.2,12.8,20.5,0.9,0.6,1.5,.122,-0.5,0.4,-0.1,0.3,2024
692,529,Peyton Watson,SF,21,DEN,69,1257,11.4,.539,.364,.238,4.0,13.7,9.0,7.0,1.5,4.5,10.5,16.6,0.1,1.7,1.8,.070,-3.0,0.5,-2.5,-0.1,2024
693,530,Victor Wembanyama,C,20,SAS,63,1828,22.6,.564,.321,.308,8.2,30.9,19.4,19.9,2.0,9.9,16.2,31.8,-0.8,3.6,2.8,.074,1.5,3.0,4.4,3.0,2024
694,531,Blake Wesley,SG,20,SAS,50,669,11.0,.546,.236,.364,2.4,8.4,5.3,25.8,1.8,1.1,16.2,14.4,0.5,0.4,0.9,.063,-3.7,0.0,-3.7,-0.3,2024
695,532,Russell Westbrook,PG,35,LAC,58,1313,16.1,.511,.243,.234,7.2,17.9,12.8,28.3,2.4,1.4,15.8,24.9,0.2,1.7,1.8,.067,-0.3,0.7,0.4,0.8,2024
696,533,Coby White,PG,23,CHI,68,2490,14.7,.577,.472,.221,1.7,13.0,7.2,21.4,0.9,0.7,11.6,22.7,2.7,1.5,4.2,.081,0.9,-1.2,-0.3,1.0,2024
697,534,Derrick White,SG,29,BOS,66,2151,17.2,.609,.578,.187,2.4,11.4,7.1,21.6,1.6,3.4,11.0,18.9,4.6,3.2,7.8,.174,2.5,1.6,4.1,3.3,2024
698,535,Cam Whitmore,SF,19,HOU,38,678,16.9,.568,.462,.240,5.2,18.0,11.6,4.3,1.6,1.5,8.2,27.6,0.2,1.0,1.2,.084,1.1,-0.7,0.4,0.4,2024
699,536,Aaron Wiggins,SG,25,OKC,67,972,14.7,.675,.362,.199,6.0,11.3,8.7,8.2,1.9,1.3,13.0,15.4,1.6,1.2,2.8,.137,0.2,0.1,0.3,0.6,2024
700,537,Andrew Wiggins,SF,28,GSW,61,1631,12.4,.540,.313,.233,6.6,11.1,8.9,8.6,1.1,1.7,8.9,20.1,1.0,1.2,2.2,.065,-1.5,-1.3,-2.8,-0.3,2024
701,538,Lindell Wigginton,PG,25,MIL,3,8,5.6,.510,.400,.400,0.0,0.0,0.0,0.0,0.0,0.0,14.5,37.0,0.0,0.0,0.0,-0.155,-14.5,-9.2,-23.7,0.0,2024
702,539,Alondes Williams,SG,24,MIA,2,9,-17.1,.000,.667,.000,0.0,12.7,6.3,0.0,0.0,0.0,25.0,19.8,-0.1,0.0,-0.1,-0.489,-20.0,-7.1,-27.1,-0.1,2024
703,540,Brandon Williams,PG,24,DAL,12,59,11.7,.447,.273,.500,5.6,7.4,6.5,26.5,0.8,1.5,10.1,21.6,0.0,0.0,0.0,.025,-1.1,-2.1,-3.3,0.0,2024
704,Rk,Player,Pos,Age,Tm,G,MP,PER,TS%,3PAr,FTr,ORB%,DRB%,TRB%,AST%,STL%,BLK%,TOV%,USG%,OWS,DWS,WS,WS/48,OBPM,DBPM,BPM,VORP,2024
705,541,Grant Williams,PF,25,TOT,66,1810,9.5,.574,.590,.225,4.4,11.8,8.1,9.2,1.0,1.7,14.6,15.4,0.5,1.1,1.6,.044,-2.5,-0.7,-3.2,-0.6,2024
706,541,Grant Williams,PF,25,DAL,47,1242,8.3,.560,.662,.174,4.1,10.9,7.5,8.2,0.9,1.9,13.4,13.6,0.4,0.8,1.2,.047,-2.6,-0.7,-3.3,-0.4,2024
707,541,Grant Williams,PF,25,CHO,19,568,12.2,.596,.465,.314,5.1,13.9,9.3,11.4,1.2,1.3,16.3,19.4,0.2,0.3,0.4,.037,-2.2,-0.7,-2.9,-0.1,2024
708,542,Jalen Williams,PF,22,OKC,63,1988,18.9,.624,.239,.227,2.0,11.8,7.1,20.8,1.7,1.8,10.1,23.5,4.1,2.4,6.5,.156,1.9,0.2,2.1,2.0,2024
709,543,Jaylin Williams,C,21,OKC,57,707,11.8,.535,.646,.155,4.7,23.1,14.3,12.5,1.6,2.7,9.8,13.1,0.6,1.2,1.7,.119,-1.4,1.7,0.3,0.4,2024
710,544,Jeenathan Williams,SG,24,HOU,16,93,14.3,.533,.114,.286,11.5,6.9,9.2,9.5,1.6,0.0,4.8,18.9,0.1,0.1,0.2,.118,-1.7,-0.8,-2.5,0.0,2024
711,545,Kenrich Williams,PF,29,OKC,57,814,11.7,.556,.542,.056,6.7,15.8,11.4,11.0,1.9,0.8,8.4,12.7,0.9,1.1,2.0,.118,-1.1,0.6,-0.6,0.3,2024
712,546,Mark Williams,C,22,CHO,19,508,22.4,.675,.000,.424,16.1,24.7,20.2,6.8,1.5,3.7,8.7,16.9,1.6,0.5,2.1,.199,1.5,-0.8,0.7,0.3,2024
713,547,Patrick Williams,PF,22,CHI,43,1174,10.9,.553,.412,.184,4.3,11.7,7.9,7.8,1.7,2.9,12.8,16.7,0.1,1.1,1.2,.048,-2.2,-0.1,-2.3,-0.1,2024
714,548,Robert Williams,C,26,POR,6,119,17.2,.684,.000,.346,9.9,27.2,18.1,6.2,2.9,5.3,18.9,13.3,0.2,0.2,0.4,.144,-2.2,2.8,0.7,0.1,2024
715,549,Vince Williams Jr.,SG,23,MEM,52,1436,12.8,.597,.551,.343,4.4,18.2,11.1,18.1,1.6,2.2,17.4,15.9,1.0,1.8,2.8,.095,-1.7,1.1,-0.7,0.5,2024
716,550,Ziaire Williams,SF,22,MEM,51,1038,9.3,.511,.500,.198,3.6,15.8,9.5,11.2,1.7,0.8,13.8,19.8,-0.9,1.2,0.2,.010,-4.1,-0.4,-4.5,-0.6,2024
717,551,Zion Williamson,PF,23,NOP,60,1854,23.2,.622,.015,.444,6.5,14.3,10.5,26.7,1.5,2.0,12.8,29.2,4.4,2.4,6.9,.177,3.7,0.5,4.3,3.0,2024
718,552,D.J. Wilson,PF,27,PHI,1,2,0.0,,,,0.0,0.0,0.0,0.0,0.0,0.0,,0.0,0.0,0.0,0.0,.002,-6.4,-3.7,-10.1,0.0,2024
719,553,Jalen Wilson,PF,23,BRK,32,440,11.0,.543,.398,.246,8.4,12.6,10.4,10.8,0.8,0.2,9.7,14.2,0.5,0.2,0.7,.080,-1.8,-1.5,-3.3,-0.1,2024
720,554,Dylan Windler,SF,27,TOT,13,59,12.5,.625,.875,.000,1.8,14.9,8.4,20.0,0.8,0.0,5.9,12.3,0.1,0.0,0.2,.131,-0.2,0.1,-0.1,0.0,2024
721,554,Dylan Windler,SF,27,NYK,3,7,15.5,.750,1.000,.000,0.0,15.9,7.9,20.2,0.0,0.0,0.0,12.3,0.0,0.0,0.0,.240,3.6,3.9,7.5,0.0,2024
722,554,Dylan Windler,SF,27,LAL,8,28,15.9,.667,.889,.000,0.0,11.3,6.0,28.2,0.0,0.0,0.0,13.9,0.1,0.0,0.1,.190,3.7,-0.6,3.2,0.0,2024
723,554,Dylan Windler,SF,27,ATL,2,24,7.7,.500,.800,.000,4.3,18.8,11.3,10.3,2.0,0.0,16.7,10.4,0.0,0.0,0.0,.030,-6.0,-0.1,-6.1,0.0,2024
724,555,James Wiseman,C,22,DET,52,820,16.2,.666,.009,.329,12.1,23.1,17.5,8.0,0.5,3.3,15.7,16.4,1.3,0.6,1.9,.113,-1.7,-0.8,-2.4,-0.1,2024
725,556,Christian Wood,PF,28,LAL,50,872,12.3,.568,.432,.356,5.2,26.1,16.2,7.4,0.9,3.3,14.1,17.7,0.0,1.1,1.1,.061,-2.7,-0.2,-2.9,-0.2,2024
726,557,Delon Wright,PG,31,TOT,41,616,12.8,.480,.335,.242,2.7,10.6,6.6,20.8,3.2,1.2,6.3,13.2,0.5,0.6,1.1,.082,-2.4,2.0,-0.4,0.2,2024
727,557,Delon Wright,PG,31,WAS,33,456,14.1,.497,.311,.238,3.0,11.1,6.9,22.8,3.6,1.4,7.5,13.4,0.4,0.4,0.8,.089,-1.8,2.2,0.4,0.3,2024
728,557,Delon Wright,PG,31,MIA,8,160,9.0,.426,.410,.256,2.1,9.3,5.7,15.2,2.2,0.6,2.3,12.4,0.0,0.2,0.2,.064,-4.2,1.4,-2.8,0.0,2024
729,558,Thaddeus Young,PF,35,TOT,28,389,16.1,.599,.061,.141,10.8,14.3,12.5,18.7,2.5,1.1,11.0,13.0,0.8,0.4,1.1,.139,-0.4,0.8,0.4,0.2,2024
730,558,Thaddeus Young,PF,35,TOR,23,350,16.0,.618,.069,.138,8.9,14.7,11.7,19.7,2.5,0.7,10.7,12.6,0.7,0.3,1.0,.142,-0.3,0.9,0.6,0.2,2024
731,558,Thaddeus Young,PF,35,PHO,5,39,16.7,.466,.000,.167,27.7,10.9,18.8,10.5,2.5,4.5,13.4,16.5,0.0,0.1,0.1,.111,-1.1,-0.3,-1.5,0.0,2024
732,559,Trae Young,PG,25,ATL,51,1862,20.2,.581,.464,.403,1.2,7.1,4.1,44.4,1.8,0.5,16.0,30.6,3.8,0.6,4.4,.114,4.9,-2.3,2.6,2.1,2024
733,560,Omer Yurtseven,C,25,UTA,38,359,14.9,.587,.173,.191,14.8,27.6,21.3,7.1,0.7,4.2,17.9,16.9,0.2,0.3,0.5,.070,-1.8,-0.6,-2.4,0.0,2024
734,Rk,Player,Pos,Age,Tm,G,MP,PER,TS%,3PAr,FTr,ORB%,DRB%,TRB%,AST%,STL%,BLK%,TOV%,USG%,OWS,DWS,WS,WS/48,OBPM,DBPM,BPM,VORP,2024
735,561,Cody Zeller,C,31,NOP,40,304,13.1,.482,.050,.633,17.5,22.2,19.9,14.6,1.4,1.6,16.4,13.1,0.4,0.5,0.8,.131,-2.7,0.4,-2.4,0.0,2024
736,562,Ivica Zubac,C,26,LAC,58,1522,19.0,.675,.000,.333,13.2,25.8,19.8,7.4,0.6,4.2,12.5,16.1,3.7,1.9,5.6,.178,0.6,-0.1,0.5,1.0,2024
